{
  "resourceType" : "AllergyIntolerance",
  "id" : "MwsAllergyIntolerance-2",
  "meta" : {
    "profile" : ["http://hl7.org.nz/fhir/StructureDefinition/MwsAllergyIntolerance"]
  },
  "text" : {
    "status" : "generated",
    "div" : "<div xmlns=\"http://www.w3.org/1999/xhtml\"><p><b>Generated Narrative: AllergyIntolerance</b><a name=\"MwsAllergyIntolerance-2\"> </a><a name=\"hcMwsAllergyIntolerance-2\"> </a></p><div style=\"display: inline-block; background-color: #d9e0e7; padding: 6px; margin: 4px; border: 1px solid #8da1b4; border-radius: 5px; line-height: 60%\"><p style=\"margin-bottom: 0px\">Resource AllergyIntolerance &quot;MwsAllergyIntolerance-2&quot; </p><p style=\"margin-bottom: 0px\">Profile: <a href=\"StructureDefinition-MwsAllergyIntolerance.html\">MwsAllergyIntolerance</a></p></div><p><b>category</b>: medication</p><p><b>patient</b>: <a name=\"hcpatient\"> </a></p><blockquote><p/><p><a name=\"patient\"> </a></p><p><a name=\"hcpatient\"> </a></p><p><b>identifier</b>: NHI/ZHF0848\u00a0(use:\u00a0official)</p><p><b>name</b>: Dandre Alessandra Doyle </p><p><b>birthDate</b>: 2020-08-20</p></blockquote><p><b>onset</b>: 2024-04-15</p><p><b>recorder</b>: <a name=\"hcrecorder\"> </a></p><blockquote><p/><p><a name=\"recorder\"> </a></p><p><a name=\"hcrecorder\"> </a></p><p><b>practitioner</b>: <a href=\"Practitioner/96ZZZZ\">Practitioner/96ZZZZ</a></p><p><b>organization</b>: <a href=\"Organization/GZZ999-J\">Organization/GZZ999-J</a></p><p><b>location</b>: <a href=\"Location/FZZ999-B\">Location/FZZ999-B</a></p></blockquote><p><b>note</b>: Information in the note field will not be visible to people viewing the record through legacy HL7 or SOAP interfaces</p><blockquote><p><b>reaction</b></p><blockquote><p><b>id</b></p>1</blockquote></blockquote><hr/><blockquote><p><b>Generated Narrative: PractitionerRole #recorder</b><a name=\"recorder\"> </a><a name=\"hcrecorder\"> </a></p><p><b>practitioner</b>: <a href=\"Practitioner/96ZZZZ\">Practitioner/96ZZZZ</a></p><p><b>organization</b>: <a href=\"Organization/GZZ999-J\">Organization/GZZ999-J</a></p><p><b>location</b>: <a href=\"Location/FZZ999-B\">Location/FZZ999-B</a></p></blockquote><hr/><blockquote><p style=\"border: 1px #661aff solid; background-color: #e6e6ff; padding: 10px;\"><b>Dandre Alessandra Doyle </b> (no stated gender), DoB: 2020-08-20 ( NHI/ZHF0848\u00a0(use:\u00a0official))</p><hr/></blockquote></div>"
  },
  "contained" : [{
    "resourceType" : "PractitionerRole",
    "id" : "recorder",
    "practitioner" : {
      "reference" : "Practitioner/96ZZZZ"
    },
    "organization" : {
      "reference" : "Organization/GZZ999-J"
    },
    "location" : [{
      "reference" : "Location/FZZ999-B"
    }]
  },
  {
    "resourceType" : "Patient",
    "id" : "patient",
    "meta" : {
      "profile" : ["http://hl7.org.nz/fhir/StructureDefinition/MwsPatient"]
    },
    "identifier" : [{
      "use" : "official",
      "system" : "https://standards.digital.health.nz/ns/nhi-id",
      "value" : "ZHF0848"
    }],
    "name" : [{
      "family" : "Doyle",
      "given" : ["Dandre",
      "Alessandra"]
    }],
    "birthDate" : "2020-08-20"
  }],
  "category" : ["medication"],
  "patient" : {
    "reference" : "#patient"
  },
  "onsetDateTime" : "2024-04-15",
  "recorder" : {
    "reference" : "#recorder"
  },
  "note" : [{
    "text" : "Information in the note field will not be visible to people viewing the record through legacy HL7 or SOAP interfaces"
  }],
  "reaction" : [{
    "id" : "1"
  }]
}