{
  "resourceType" : "AllergyIntolerance",
  "id" : "13831",
  "meta" : {
    "profile" : ["http://hl7.org.nz/fhir/StructureDefinition/MwsAllergyIntolerance"]
  },
  "text" : {
    "status" : "generated",
    "div" : "<div xmlns=\"http://www.w3.org/1999/xhtml\"><p class=\"res-header-id\"><b>Generated Narrative: AllergyIntolerance 13831</b></p><a name=\"13831\"> </a><a name=\"hc13831\"> </a><a name=\"hc13831-en-US\"> </a><p><b>identifier</b>: <code>https://standards.digital.health.nz/ns/mws-id</code>/13831</p><p><b>clinicalStatus</b>: <span title=\"Codes:{http://terminology.hl7.org/CodeSystem/allergyintolerance-clinical active}\">Active</span></p><p><b>verificationStatus</b>: <span title=\"Codes:{http://terminology.hl7.org/CodeSystem/allergyintolerance-verification refuted}\">Refuted</span></p><p><b>category</b>: Medication</p><p><b>patient</b>: <a href=\"Patient/ZHE9360\">Patient/ZHE9360</a></p><p><b>onset</b>: 2024-04-02 00:00:00+1300</p><p><b>recordedDate</b>: 2024-03-04 12:31:07+1300</p><p><b>note</b>: Amoxicillin was flagged as a limited dosage</p></div>"
  },
  "identifier" : [{
    "system" : "https://standards.digital.health.nz/ns/mws-id",
    "value" : "13831"
  }],
  "clinicalStatus" : {
    "coding" : [{
      "system" : "http://terminology.hl7.org/CodeSystem/allergyintolerance-clinical",
      "code" : "active"
    }]
  },
  "verificationStatus" : {
    "coding" : [{
      "system" : "http://terminology.hl7.org/CodeSystem/allergyintolerance-verification",
      "code" : "refuted"
    }]
  },
  "category" : ["medication"],
  "patient" : {
    "reference" : "Patient/ZHE9360"
  },
  "onsetDateTime" : "2024-04-02T00:00:00+13:00",
  "recordedDate" : "2024-03-04T12:31:07+13:00",
  "note" : [{
    "text" : "Amoxicillin was flagged as a limited dosage"
  }]
}