{
  "resourceType" : "AllergyIntolerance",
  "id" : "MwsAllergyIntolerance-2",
  "meta" : {
    "profile" : ["http://hl7.org.nz/fhir/StructureDefinition/MwsAllergyIntolerance"]
  },
  "text" : {
    "status" : "generated",
    "div" : "<div xmlns=\"http://www.w3.org/1999/xhtml\"><p class=\"res-header-id\"><b>Generated Narrative: AllergyIntolerance MwsAllergyIntolerance-2</b></p><a name=\"MwsAllergyIntolerance-2\"> </a><a name=\"hcMwsAllergyIntolerance-2\"> </a><a name=\"MwsAllergyIntolerance-2-en-US\"> </a><p><b>clinicalStatus</b>: <span title=\"Codes:{http://terminology.hl7.org/CodeSystem/allergyintolerance-clinical active}\">Active</span></p><p><b>category</b>: Medication</p><p><b>code</b>: <span title=\"Codes:{https://nzhts.digital.health.nz/fhir/CodeSystem/nzmt 10533431000116105}\">10533431000116105</span></p><p><b>patient</b>: <a href=\"#hcMwsAllergyIntolerance-2/patient\">Dandre Alessandra Doyle  (no stated gender), DoB: 2020-08-20 ( https://standards.digital.health.nz/ns/nhi-id#NHI#ZHF0848\u00a0(use:\u00a0official,\u00a0))</a></p><p><b>onset</b>: 2024-04-15</p><p><b>recorder</b>: <a href=\"#hcMwsAllergyIntolerance-2/recorder\">PractitionerRole</a></p><p><b>note</b>: Information in the note field will not be visible to people viewing the record through legacy HL7 or SOAP interfaces</p><blockquote><p><b>reaction</b></p><blockquote><p><b>id</b></p>1</blockquote><p><b>manifestation</b>: <span title=\"Codes:{http://snomed.info/sct 116289008}\">Abdominal bloating</span></p></blockquote><hr/><blockquote><p class=\"res-header-id\"><b>Generated Narrative: PractitionerRole  #recorder</b></p><a name=\"MwsAllergyIntolerance-2/recorder\"> </a><a name=\"hcMwsAllergyIntolerance-2/recorder\"> </a><a name=\"MwsAllergyIntolerance-2/recorder-en-US\"> </a><p><b>practitioner</b>: <a href=\"Practitioner/96ZZZZ\">Practitioner/96ZZZZ</a></p><p><b>organization</b>: <a href=\"Organization/GZZ999-J\">Organization/GZZ999-J</a></p><p><b>location</b>: <a href=\"Location/FZZ999-B\">Location/FZZ999-B</a></p></blockquote><hr/><blockquote><p class=\"res-header-id\"><b>Generated Narrative: Patient  #patient</b></p><a name=\"MwsAllergyIntolerance-2/patient\"> </a><a name=\"hcMwsAllergyIntolerance-2/patient\"> </a><a name=\"MwsAllergyIntolerance-2/patient-en-US\"> </a><p style=\"border: 1px #661aff solid; background-color: #e6e6ff; padding: 10px;\">Dandre Alessandra Doyle  (no stated gender), DoB: 2020-08-20 ( https://standards.digital.health.nz/ns/nhi-id#NHI#ZHF0848\u00a0(use:\u00a0official,\u00a0))</p><hr/></blockquote></div>"
  },
  "contained" : [{
    "resourceType" : "PractitionerRole",
    "id" : "recorder",
    "practitioner" : {
      "reference" : "Practitioner/96ZZZZ"
    },
    "organization" : {
      "reference" : "Organization/GZZ999-J"
    },
    "location" : [{
      "reference" : "Location/FZZ999-B"
    }]
  },
  {
    "resourceType" : "Patient",
    "id" : "patient",
    "meta" : {
      "profile" : ["http://hl7.org.nz/fhir/StructureDefinition/MwsPatient"]
    },
    "identifier" : [{
      "use" : "official",
      "system" : "https://standards.digital.health.nz/ns/nhi-id",
      "value" : "ZHF0848"
    }],
    "name" : [{
      "family" : "Doyle",
      "given" : ["Dandre",
      "Alessandra"]
    }],
    "birthDate" : "2020-08-20"
  }],
  "clinicalStatus" : {
    "coding" : [{
      "system" : "http://terminology.hl7.org/CodeSystem/allergyintolerance-clinical",
      "code" : "active"
    }]
  },
  "category" : ["medication"],
  "code" : {
    "coding" : [{
      "system" : "https://nzhts.digital.health.nz/fhir/CodeSystem/nzmt",
      "code" : "10533431000116105"
    }]
  },
  "patient" : {
    "reference" : "#patient"
  },
  "onsetDateTime" : "2024-04-15",
  "recorder" : {
    "reference" : "#recorder"
  },
  "note" : [{
    "text" : "Information in the note field will not be visible to people viewing the record through legacy HL7 or SOAP interfaces"
  }],
  "reaction" : [{
    "id" : "1",
    "manifestation" : [{
      "coding" : [{
        "system" : "http://snomed.info/sct",
        "code" : "116289008"
      }]
    }]
  }]
}