<?xml version="1.0" encoding="UTF-8"?>

<AllergyIntolerance xmlns="http://hl7.org/fhir">
  <id value="MwsAllergyIntolerance-2"/>
  <meta>
    <profile value="http://hl7.org.nz/fhir/StructureDefinition/MwsAllergyIntolerance"/>
  </meta>
  <text>
    <status value="generated"/><div xmlns="http://www.w3.org/1999/xhtml"><p><b>Generated Narrative: AllergyIntolerance</b><a name="MwsAllergyIntolerance-2"> </a><a name="hcMwsAllergyIntolerance-2"> </a></p><div style="display: inline-block; background-color: #d9e0e7; padding: 6px; margin: 4px; border: 1px solid #8da1b4; border-radius: 5px; line-height: 60%"><p style="margin-bottom: 0px">Resource AllergyIntolerance &quot;MwsAllergyIntolerance-2&quot; </p><p style="margin-bottom: 0px">Profile: <a href="StructureDefinition-MwsAllergyIntolerance.html">MwsAllergyIntolerance</a></p></div><p><b>clinicalStatus</b>: Active <span style="background: LightGoldenRodYellow; margin: 4px; border: 1px solid khaki"> (<a href="http://terminology.hl7.org/4.0.0/CodeSystem-allergyintolerance-clinical.html">AllergyIntolerance Clinical Status Codes</a>#active)</span></p><p><b>verificationStatus</b>: refuted <span style="background: LightGoldenRodYellow; margin: 4px; border: 1px solid khaki"> (mws-verification-status#refuted)</span></p><p><b>category</b>: medication</p><p><b>code</b>: cyproterone + ethinylestradiol <span style="background: LightGoldenRodYellow; margin: 4px; border: 1px solid khaki"> (nzmt.org.nz#46125321000116100)</span></p><p><b>patient</b>: <a href="ZAC7658">ZAC7658</a></p><p><b>onset</b>: 2023</p><p><b>recordedDate</b>: 2024-03-04 12:31:07+1300</p><p><b>recorder</b>: <a name="hcRecorder2"> </a></p><blockquote><p/><p><a name="Recorder2"> </a></p><p><a name="hcRecorder2"> </a></p><p><b>practitioner</b>: <a href="Practitioner/99ZZZS">Practitioner/99ZZZS: Mrs TestOne Prefix-Test</a></p><p><b>organization</b>: <a href="Organization/GZZ998-G">Organization/GZZ998-G: Live Org with Dormant</a></p><p><b>location</b>: <a href="Location/FZZ968-B">Location/FZZ968-B: Facility Has All Contact Types TEST</a></p></blockquote><h3>Reactions</h3><table class="grid"><tr><td style="display: none">-</td><td><b>Manifestation</b></td></tr><tr><td style="display: none">*</td><td>Abscess <span style="background: LightGoldenRodYellow; margin: 4px; border: 1px solid khaki"> (SNOMED CT#128477000)</span></td></tr></table><hr/><blockquote><p style="border: 1px #661aff solid; background-color: #e6e6ff; padding: 10px;"><b>OLIVE YAMAHA </b> (no stated gender), DoB: 2015-08-30 ( NHI/ZAC7658)</p><hr/></blockquote><hr/><blockquote><p><b>Generated Narrative: PractitionerRole #Recorder2</b><a name="Recorder2"> </a><a name="hcRecorder2"> </a></p><p><b>practitioner</b>: <a href="Practitioner/99ZZZS">Practitioner/99ZZZS: Mrs TestOne Prefix-Test</a></p><p><b>organization</b>: <a href="Organization/GZZ998-G">Organization/GZZ998-G: Live Org with Dormant</a></p><p><b>location</b>: <a href="Location/FZZ968-B">Location/FZZ968-B: Facility Has All Contact Types TEST</a></p></blockquote></div>
  </text>
  <contained>
    <Patient>
      <id value="Patient2"/>
      <meta>
        <profile value="http://hl7.org.nz/fhir/StructureDefinition/MwsPatient"/>
      </meta>
      <identifier>
        <system value="https://standards.digital.health.nz/ns/nhi-id"/>
        <value value="ZAC7658"/>
      </identifier>
      <name>
        <family value="YAMAHA"/>
        <given value="OLIVE"/>
      </name>
      <birthDate value="2015-08-30"/>
    </Patient>
  </contained>
  <contained>
    <PractitionerRole>
      <id value="Recorder2"/>
      <practitioner>
        <reference value="Practitioner/99ZZZS"/>
        <display value="Mrs TestOne Prefix-Test"/>
      </practitioner>
      <organization>
        <reference value="Organization/GZZ998-G"/>
        <display value="Live Org with Dormant"/>
      </organization>
      <location>
        <reference value="Location/FZZ968-B"/>
        <display value="Facility Has All Contact Types TEST"/>
      </location>
    </PractitionerRole>
  </contained>
  <clinicalStatus>
    <coding>
      <system value="http://terminology.hl7.org/CodeSystem/allergyintolerance-clinical"/>
      <code value="active"/>
    </coding>
  </clinicalStatus>
  <verificationStatus>
    <coding>
      <system value="https://nzhts.digital.health.nz/fhir/ValueSet/mws-verification-status"/>
      <code value="refuted"/>
    </coding>
  </verificationStatus>
  <category value="medication"/>
  <code>
    <coding>
      <system value="http://nzmt.org.nz"/>
      <code value="46125321000116100"/>
      <display value="cyproterone + ethinylestradiol"/>
    </coding>
  </code>
  <patient>
    <reference value="ZAC7658"/>
  </patient>
  <onsetDateTime value="2023"/>
  <recordedDate value="2024-03-04T12:31:07+13:00"/>
  <recorder>
    <reference value="#Recorder2"/>
  </recorder>
  <reaction>
    <manifestation>
      <coding>
        <system value="http://snomed.info/sct/21000210109/version/20231001?fhir_vs=refset%2F351000210106"/>
        <code value="128477000"/>
        <display value="Abscess"/>
      </coding>
    </manifestation>
  </reaction>
</AllergyIntolerance>