{
  "resourceType" : "AllergyIntolerance",
  "id" : "MwsAllergyIntolerance-4",
  "meta" : {
    "versionId" : "1",
    "profile" : ["http://hl7.org.nz/fhir/StructureDefinition/MwsAllergyIntolerance"]
  },
  "text" : {
    "status" : "generated",
    "div" : "<div xmlns=\"http://www.w3.org/1999/xhtml\"><p class=\"res-header-id\"><b>Generated Narrative: AllergyIntolerance MwsAllergyIntolerance-4</b></p><a name=\"MwsAllergyIntolerance-4\"> </a><a name=\"hcMwsAllergyIntolerance-4\"> </a><a name=\"hcMwsAllergyIntolerance-4-en-US\"> </a><div style=\"display: inline-block; background-color: #d9e0e7; padding: 6px; margin: 4px; border: 1px solid #8da1b4; border-radius: 5px; line-height: 60%\"><p style=\"margin-bottom: 0px\">version: versionId: id (PrimitiveType/AllergyIntolerance.meta.versionId): element = id -&gt; versionId=id[1]</p><p style=\"margin-bottom: 0px\">Profile: <a href=\"StructureDefinition-MwsAllergyIntolerance.html\">MwsAllergyIntolerance</a></p></div><p><b>identifier</b>: <code>https://standards.digital.health.nz/ns/mws-id</code>/cff10119-671c-4e6f-8776-0a573344320a</p><p><b>clinicalStatus</b>: <span title=\"Codes:{http://terminology.hl7.org/CodeSystem/allergyintolerance-clinical active}\">Active</span></p><p><b>category</b>: Medication</p><p><b>code</b>: <span title=\"Codes:{https://nzhts.digital.health.nz/fhir/CodeSystem/nzmt 10533431000116105}\">10533431000116105</span></p><p><b>patient</b>: <a href=\"Patient/patient\">Patient/patient</a></p><p><b>onset</b>: 2024-04-15</p><p><b>recorder</b>: <a href=\"PractitionerRole/recorder\">PractitionerRole/recorder</a></p><p><b>note</b>: Information in the note field will not be visible to people viewing the record through legacy HL7 or SOAP interfaces</p><blockquote><p><b>reaction</b></p><blockquote><p><b>id</b></p>1</blockquote><p><b>manifestation</b>: <span title=\"Codes:{http://snomed.info/sct 116289008}\">Abdominal bloating</span></p></blockquote><hr/><blockquote><p class=\"res-header-id\"><b>Generated Narrative: PractitionerRole  #recorder3</b></p><a name=\"MwsAllergyIntolerance-4/recorder3\"> </a><a name=\"hcMwsAllergyIntolerance-4/recorder3\"> </a><a name=\"hcMwsAllergyIntolerance-4/recorder3-en-US\"> </a><p><b>practitioner</b>: <a href=\"Practitioner/96ZZZZ\">Practitioner/96ZZZZ</a></p><p><b>organization</b>: <a href=\"Organization/GZZ999-J\">Organization/GZZ999-J</a></p><p><b>location</b>: <a href=\"Location/FZZ999-B\">Location/FZZ999-B</a></p></blockquote><hr/><blockquote><p class=\"res-header-id\"><b>Generated Narrative: Patient  #patient3</b></p><a name=\"MwsAllergyIntolerance-4/patient3\"> </a><a name=\"hcMwsAllergyIntolerance-4/patient3\"> </a><a name=\"hcMwsAllergyIntolerance-4/patient3-en-US\"> </a><p style=\"border: 1px #661aff solid; background-color: #e6e6ff; padding: 10px;\">Miracle Rosanna Lynch  (no stated gender), DoB: 2021-10-11 ( https://standards.digital.health.nz/ns/nhi-id#NHI#ZHF0864\u00a0(use:\u00a0official,\u00a0))</p><hr/></blockquote></div>"
  },
  "contained" : [{
    "resourceType" : "PractitionerRole",
    "id" : "recorder3",
    "practitioner" : {
      "reference" : "Practitioner/96ZZZZ"
    },
    "organization" : {
      "reference" : "Organization/GZZ999-J"
    },
    "location" : [{
      "reference" : "Location/FZZ999-B"
    }]
  },
  {
    "resourceType" : "Patient",
    "id" : "patient3",
    "meta" : {
      "profile" : ["http://hl7.org.nz/fhir/StructureDefinition/MwsPatient"]
    },
    "identifier" : [{
      "use" : "official",
      "system" : "https://standards.digital.health.nz/ns/nhi-id",
      "value" : "ZHF0864"
    }],
    "name" : [{
      "family" : "Lynch",
      "given" : ["Miracle",
      "Rosanna"]
    }],
    "birthDate" : "2021-10-11"
  }],
  "identifier" : [{
    "system" : "https://standards.digital.health.nz/ns/mws-id",
    "value" : "cff10119-671c-4e6f-8776-0a573344320a"
  }],
  "clinicalStatus" : {
    "coding" : [{
      "system" : "http://terminology.hl7.org/CodeSystem/allergyintolerance-clinical",
      "code" : "active"
    }]
  },
  "category" : ["medication"],
  "code" : {
    "coding" : [{
      "system" : "https://nzhts.digital.health.nz/fhir/CodeSystem/nzmt",
      "code" : "10533431000116105"
    }]
  },
  "patient" : {
    "reference" : "Patient/patient"
  },
  "onsetDateTime" : "2024-04-15",
  "recorder" : {
    "reference" : "PractitionerRole/recorder"
  },
  "note" : [{
    "text" : "Information in the note field will not be visible to people viewing the record through legacy HL7 or SOAP interfaces"
  }],
  "reaction" : [{
    "id" : "1",
    "manifestation" : [{
      "coding" : [{
        "system" : "http://snomed.info/sct",
        "code" : "116289008"
      }]
    }]
  }]
}