<?xml version="1.0" encoding="UTF-8"?>

<AllergyIntolerance xmlns="http://hl7.org/fhir">
  <id value="MwsAllergyIntolerance-2"/>
  <meta>
    <profile value="http://hl7.org.nz/fhir/StructureDefinition/MwsAllergyIntolerance"/>
  </meta>
  <text>
    <status value="extensions"/><div xmlns="http://www.w3.org/1999/xhtml"><p><b>Generated Narrative: AllergyIntolerance</b><a name="MwsAllergyIntolerance-2"> </a></p><div style="display: inline-block; background-color: #d9e0e7; padding: 6px; margin: 4px; border: 1px solid #8da1b4; border-radius: 5px; line-height: 60%"><p style="margin-bottom: 0px">Resource AllergyIntolerance &quot;MwsAllergyIntolerance-2&quot; </p><p style="margin-bottom: 0px">Profile: <a href="StructureDefinition-MwsAllergyIntolerance.html">MwsAllergyIntolerance</a></p></div><p><b>Mws_attester</b>: <a href="PractitionerRole/Attester1">PractitionerRole/Attester1</a></p><p><b>Mws_attestedDate</b>: 2022-06-05</p><p><b>clinicalStatus</b>: active <span style="background: LightGoldenRodYellow; margin: 4px; border: 1px solid khaki"> (mws-allergyintolerance-clinical-status#active)</span></p><p><b>verificationStatus</b>: refuted <span style="background: LightGoldenRodYellow; margin: 4px; border: 1px solid khaki"> (mws-verification-status#refuted)</span></p><p><b>category</b>: medication</p><p><b>criticality</b>: low</p><p><b>patient</b>: <a href="Patient/ZJM9397">Patient/ZJM9397</a></p><p><b>onset</b>: 2023</p><p><b>recordedDate</b>: 2024-03-04 12:31:07+1300</p><p><b>recorder</b>: <a href="PractitionerRole/Recorder1">PractitionerRole/Recorder1</a></p><p><b>asserter</b>: <a href="PractitionerRole/Asserter1">PractitionerRole/Asserter1</a></p><h3>Reactions</h3><table class="grid"><tr><td style="display: none">-</td><td><b>Manifestation</b></td></tr><tr><td style="display: none">*</td><td>128477000 <span style="background: LightGoldenRodYellow; margin: 4px; border: 1px solid khaki"> (SNOMED CT#128477000)</span></td></tr></table><hr/><blockquote><p><b>Generated Narrative: PractitionerRole #Asserter2</b><a name="Asserter2"> </a></p><p><b>practitioner</b>: <a href="Practitioner/99ZZZS">Practitioner/99ZZZS: Mrs TestOne Prefix-Test</a></p><p><b>organization</b>: <a href="Organization/GZZ998-G">Organization/GZZ998-G: Live Org with Dormant</a></p><p><b>location</b>: <a href="Location/FZZ968-B">Location/FZZ968-B: Facility Has All Contact Types TEST</a></p></blockquote><hr/><blockquote><p><b>Generated Narrative: PractitionerRole #Attester2</b><a name="Attester2"> </a></p><p><b>practitioner</b>: <a href="Practitioner/99ZZZS">Practitioner/99ZZZS: Mrs TestOne Prefix-Test</a></p><p><b>organization</b>: <a href="Organization/GZZ998-G">Organization/GZZ998-G: Live Org with Dormant</a></p><p><b>location</b>: <a href="Location/FZZ968-B">Location/FZZ968-B: Facility Has All Contact Types TEST</a></p></blockquote><hr/><blockquote><p style="border: 1px #661aff solid; background-color: #e6e6ff; padding: 10px;"><b>OLIVE YAMAHA </b> (no stated gender), DoB: 2015-08-30</p><hr/></blockquote><hr/><blockquote><p><b>Generated Narrative: PractitionerRole #Recorder2</b><a name="Recorder2"> </a></p><p><b>practitioner</b>: <a href="Practitioner/99ZZZS">Practitioner/99ZZZS: Mrs TestOne Prefix-Test</a></p><p><b>organization</b>: <a href="Organization/GZZ998-G">Organization/GZZ998-G: Live Org with Dormant</a></p><p><b>location</b>: <a href="Location/FZZ968-B">Location/FZZ968-B: Facility Has All Contact Types TEST</a></p></blockquote></div>
  </text>
  <contained>
    <PractitionerRole>
      <id value="Asserter2"/>
      <practitioner>
        <reference value="Practitioner/99ZZZS"/>
        <display value="Mrs TestOne Prefix-Test"/>
      </practitioner>
      <organization>
        <reference value="Organization/GZZ998-G"/>
        <display value="Live Org with Dormant"/>
      </organization>
      <location>
        <reference value="Location/FZZ968-B"/>
        <display value="Facility Has All Contact Types TEST"/>
      </location>
    </PractitionerRole>
  </contained>
  <contained>
    <PractitionerRole>
      <id value="Attester2"/>
      <practitioner>
        <reference value="Practitioner/99ZZZS"/>
        <display value="Mrs TestOne Prefix-Test"/>
      </practitioner>
      <organization>
        <reference value="Organization/GZZ998-G"/>
        <display value="Live Org with Dormant"/>
      </organization>
      <location>
        <reference value="Location/FZZ968-B"/>
        <display value="Facility Has All Contact Types TEST"/>
      </location>
    </PractitionerRole>
  </contained>
  <contained>
    <Patient>
      <id value="ZAC7658"/>
      <meta>
        <profile value="http://hl7.org.nz/fhir/StructureDefinition/MwsPatient"/>
      </meta>
      <name>
        <family value="YAMAHA"/>
        <given value="OLIVE"/>
      </name>
      <birthDate value="2015-08-30"/>
    </Patient>
  </contained>
  <contained>
    <PractitionerRole>
      <id value="Recorder2"/>
      <practitioner>
        <reference value="Practitioner/99ZZZS"/>
        <display value="Mrs TestOne Prefix-Test"/>
      </practitioner>
      <organization>
        <reference value="Organization/GZZ998-G"/>
        <display value="Live Org with Dormant"/>
      </organization>
      <location>
        <reference value="Location/FZZ968-B"/>
        <display value="Facility Has All Contact Types TEST"/>
      </location>
    </PractitionerRole>
  </contained>
  <extension url="http://hl7.org.nz/fhir/StructureDefinition/mws-attester">
    <valueReference>
      <reference value="PractitionerRole/Attester1"/>
    </valueReference>
  </extension>
  <extension url="http://hl7.org.nz/fhir/StructureDefinition/mws-attested-date">
    <valueDate value="2022-06-05"/>
  </extension>
  <clinicalStatus>
    <coding>
      <system value="https://nzhts.digital.health.nz/fhir/ValueSet/mws-allergyintolerance-clinical-status"/>
      <code value="active"/>
    </coding>
  </clinicalStatus>
  <verificationStatus>
    <coding>
      <system value="https://nzhts.digital.health.nz/fhir/ValueSet/mws-verification-status"/>
      <code value="refuted"/>
    </coding>
  </verificationStatus>
  <category value="medication"/>
  <criticality value="low"/>
  <patient>
    <reference value="Patient/ZJM9397"/>
  </patient>
  <onsetDateTime value="2023"/>
  <recordedDate value="2024-03-04T12:31:07+13:00"/>
  <recorder>
    <reference value="PractitionerRole/Recorder1"/>
  </recorder>
  <asserter>
    <reference value="PractitionerRole/Asserter1"/>
  </asserter>
  <reaction>
    <manifestation>
      <coding>
        <system value="http://snomed.info/sct/21000210109/version/20231001?fhir_vs=refset%2F351000210106"/>
        <code value="128477000"/>
      </coding>
    </manifestation>
  </reaction>
</AllergyIntolerance>