<?xml version="1.0" encoding="UTF-8"?>

<AllergyIntolerance xmlns="http://hl7.org/fhir">
  <id value="AI667788899"/>
  <meta>
    <profile value="http://hl7.org.nz/fhir/StructureDefinition/MwsAllergyIntolerance"/>
  </meta>
  <text>
    <status value="extensions"/><div xmlns="http://www.w3.org/1999/xhtml"><p><b>Generated Narrative: AllergyIntolerance</b><a name="AI667788899"> </a></p><div style="display: inline-block; background-color: #d9e0e7; padding: 6px; margin: 4px; border: 1px solid #8da1b4; border-radius: 5px; line-height: 60%"><p style="margin-bottom: 0px">Resource AllergyIntolerance &quot;AI667788899&quot; </p><p style="margin-bottom: 0px">Profile: <a href="StructureDefinition-MwsAllergyIntolerance.html">MwsAllergyIntolerance</a></p></div><p><b>Mws_attester</b>: <a name="Attester1"> </a></p><blockquote><p/><p><a name="Attester1"> </a></p><p><b>practitioner</b>: <a href="Practitioner/99ZZZS">Practitioner/99ZZZS: Mrs TestOne Prefix-Test</a></p><p><b>organization</b>: <a href="Organization/GZZ998-G">Organization/GZZ998-G: Live Org with Dormant</a></p><p><b>location</b>: <a href="Location/FZZ968-B">Location/FZZ968-B: Facility Has All Contact Types TEST</a></p></blockquote><p><b>Mws_attestedDate</b>: 2022-06-05</p><p><b>identifier</b>: <code>https://standards.digital.health.nz/ns/mws-id</code>/AI667788899</p><p><b>clinicalStatus</b>: active <span style="background: LightGoldenRodYellow; margin: 4px; border: 1px solid khaki"> (mws-allergyintolerance-clinical-status#active)</span></p><p><b>verificationStatus</b>: refuted <span style="background: LightGoldenRodYellow; margin: 4px; border: 1px solid khaki"> (mws-verification-status#refuted)</span></p><p><b>category</b>: medication</p><p><b>criticality</b>: low</p><p><b>patient</b>: <a name="ZJM9397"> </a></p><blockquote><p/><p><a name="ZJM9397"> </a></p><p><b>name</b>: Jamie Joseph Ryan </p><p><b>birthDate</b>: 1972-06-05</p></blockquote><p><b>onset</b>: 2023</p><p><b>recordedDate</b>: 2024-03-04 12:31:07+1300</p><p><b>recorder</b>: <a name="Recorder1"> </a></p><blockquote><p/><p><a name="Recorder1"> </a></p><p><b>practitioner</b>: <a href="Practitioner/99ZZZS">Practitioner/99ZZZS: Mrs TestOne Prefix-Test</a></p><p><b>organization</b>: <a href="Organization/GZZ998-G">Organization/GZZ998-G: Live Org with Dormant</a></p><p><b>location</b>: <a href="Location/FZZ968-B">Location/FZZ968-B: Facility Has All Contact Types TEST</a></p></blockquote><p><b>asserter</b>: <a name="Asserter1"> </a></p><blockquote><p/><p><a name="Asserter1"> </a></p><p><b>practitioner</b>: <a href="Practitioner/99ZZZS">Practitioner/99ZZZS: Mrs TestOne Prefix-Test</a></p><p><b>organization</b>: <a href="Organization/GZZ998-G">Organization/GZZ998-G: Live Org with Dormant</a></p><p><b>location</b>: <a href="Location/FZZ968-B">Location/FZZ968-B: Facility Has All Contact Types TEST</a></p></blockquote><hr/><blockquote><p><b>Generated Narrative: PractitionerRole #Asserter1</b><a name="Asserter1"> </a></p><p><b>practitioner</b>: <a href="Practitioner/99ZZZS">Practitioner/99ZZZS: Mrs TestOne Prefix-Test</a></p><p><b>organization</b>: <a href="Organization/GZZ998-G">Organization/GZZ998-G: Live Org with Dormant</a></p><p><b>location</b>: <a href="Location/FZZ968-B">Location/FZZ968-B: Facility Has All Contact Types TEST</a></p></blockquote><hr/><blockquote><p><b>Generated Narrative: PractitionerRole #Attester1</b><a name="Attester1"> </a></p><p><b>practitioner</b>: <a href="Practitioner/99ZZZS">Practitioner/99ZZZS: Mrs TestOne Prefix-Test</a></p><p><b>organization</b>: <a href="Organization/GZZ998-G">Organization/GZZ998-G: Live Org with Dormant</a></p><p><b>location</b>: <a href="Location/FZZ968-B">Location/FZZ968-B: Facility Has All Contact Types TEST</a></p></blockquote><hr/><blockquote><p style="border: 1px #661aff solid; background-color: #e6e6ff; padding: 10px;"><b>Jamie Joseph Ryan </b> (no stated gender), DoB: 1972-06-05</p><hr/></blockquote><hr/><blockquote><p><b>Generated Narrative: PractitionerRole #Recorder1</b><a name="Recorder1"> </a></p><p><b>practitioner</b>: <a href="Practitioner/99ZZZS">Practitioner/99ZZZS: Mrs TestOne Prefix-Test</a></p><p><b>organization</b>: <a href="Organization/GZZ998-G">Organization/GZZ998-G: Live Org with Dormant</a></p><p><b>location</b>: <a href="Location/FZZ968-B">Location/FZZ968-B: Facility Has All Contact Types TEST</a></p></blockquote></div>
  </text>
  <contained>
    <PractitionerRole>
      <id value="Asserter1"/>
      <practitioner>
        <reference value="Practitioner/99ZZZS"/>
        <display value="Mrs TestOne Prefix-Test"/>
      </practitioner>
      <organization>
        <reference value="Organization/GZZ998-G"/>
        <display value="Live Org with Dormant"/>
      </organization>
      <location>
        <reference value="Location/FZZ968-B"/>
        <display value="Facility Has All Contact Types TEST"/>
      </location>
    </PractitionerRole>
  </contained>
  <contained>
    <PractitionerRole>
      <id value="Attester1"/>
      <practitioner>
        <reference value="Practitioner/99ZZZS"/>
        <display value="Mrs TestOne Prefix-Test"/>
      </practitioner>
      <organization>
        <reference value="Organization/GZZ998-G"/>
        <display value="Live Org with Dormant"/>
      </organization>
      <location>
        <reference value="Location/FZZ968-B"/>
        <display value="Facility Has All Contact Types TEST"/>
      </location>
    </PractitionerRole>
  </contained>
  <contained>
    <Patient>
      <id value="ZJM9397"/>
      <meta>
        <profile value="http://hl7.org.nz/fhir/StructureDefinition/MwsPatient"/>
      </meta>
      <name>
        <family value="Ryan"/>
        <given value="Jamie"/>
        <given value="Joseph"/>
      </name>
      <birthDate value="1972-06-05"/>
    </Patient>
  </contained>
  <contained>
    <PractitionerRole>
      <id value="Recorder1"/>
      <practitioner>
        <reference value="Practitioner/99ZZZS"/>
        <display value="Mrs TestOne Prefix-Test"/>
      </practitioner>
      <organization>
        <reference value="Organization/GZZ998-G"/>
        <display value="Live Org with Dormant"/>
      </organization>
      <location>
        <reference value="Location/FZZ968-B"/>
        <display value="Facility Has All Contact Types TEST"/>
      </location>
    </PractitionerRole>
  </contained>
  <extension url="http://hl7.org.nz/fhir/StructureDefinition/mws-attester">
    <valueReference>
      <reference value="#Attester1"/>
    </valueReference>
  </extension>
  <extension url="http://hl7.org.nz/fhir/StructureDefinition/mws-attested-date">
    <valueDate value="2022-06-05"/>
  </extension>
  <identifier>
    <system value="https://standards.digital.health.nz/ns/mws-id"/>
    <value value="AI667788899"/>
  </identifier>
  <clinicalStatus>
    <coding>
      <system value="https://nzhts.digital.health.nz/fhir/ValueSet/mws-allergyintolerance-clinical-status"/>
      <code value="active"/>
    </coding>
  </clinicalStatus>
  <verificationStatus>
    <coding>
      <system value="https://nzhts.digital.health.nz/fhir/ValueSet/mws-verification-status"/>
      <code value="refuted"/>
    </coding>
  </verificationStatus>
  <category value="medication"/>
  <criticality value="low"/>
  <patient>
    <reference value="#ZJM9397"/>
  </patient>
  <onsetDateTime value="2023"/>
  <recordedDate value="2024-03-04T12:31:07+13:00"/>
  <recorder>
    <reference value="#Recorder1"/>
  </recorder>
  <asserter>
    <reference value="#Asserter1"/>
  </asserter>
</AllergyIntolerance>