<?xml version="1.0" encoding="UTF-8"?>

<AllergyIntolerance xmlns="http://hl7.org/fhir">
  <id value="13831"/>
  <meta>
    <profile value="http://hl7.org.nz/fhir/StructureDefinition/MwsAllergyIntolerance"/>
  </meta>
  <text>
    <status value="generated"/><div xmlns="http://www.w3.org/1999/xhtml"><p class="res-header-id"><b>Generated Narrative: AllergyIntolerance 13831</b></p><a name="13831"> </a><a name="hc13831"> </a><a name="hc13831-en-US"> </a><p><b>identifier</b>: <code>https://standards.digital.health.nz/ns/mws-id</code>/13831</p><p><b>clinicalStatus</b>: <span title="Codes:{http://terminology.hl7.org/CodeSystem/allergyintolerance-clinical active}">Active</span></p><p><b>verificationStatus</b>: <span title="Codes:{http://terminology.hl7.org/CodeSystem/allergyintolerance-verification refuted}">Refuted</span></p><p><b>category</b>: Medication</p><p><b>patient</b>: <a href="Patient/ZHE9360">Patient/ZHE9360</a></p><p><b>onset</b>: 2024-04-02 00:00:00+1300</p><p><b>recordedDate</b>: 2024-03-04 12:31:07+1300</p><p><b>note</b>: Amoxicillin was flagged as a limited dosage</p></div>
  </text>
  <identifier>
    <system value="https://standards.digital.health.nz/ns/mws-id"/>
    <value value="13831"/>
  </identifier>
  <clinicalStatus>
    <coding>
      <system value="http://terminology.hl7.org/CodeSystem/allergyintolerance-clinical"/>
      <code value="active"/>
    </coding>
  </clinicalStatus>
  <verificationStatus>
    <coding>
      <system value="http://terminology.hl7.org/CodeSystem/allergyintolerance-verification"/>
      <code value="refuted"/>
    </coding>
  </verificationStatus>
  <category value="medication"/>
  <patient>
    <reference value="Patient/ZHE9360"/>
  </patient>
  <onsetDateTime value="2024-04-02T00:00:00+13:00"/>
  <recordedDate value="2024-03-04T12:31:07+13:00"/>
  <note>
    <text value="Amoxicillin was flagged as a limited dosage"/>
  </note>
</AllergyIntolerance>