<?xml version="1.0" encoding="UTF-8"?>

<AllergyIntolerance xmlns="http://hl7.org/fhir">
  <id value="MwsAllergyIntolerance-3"/>
  <meta>
    <profile value="http://hl7.org.nz/fhir/StructureDefinition/MwsAllergyIntolerance"/>
  </meta>
  <text>
    <status value="generated"/><div xmlns="http://www.w3.org/1999/xhtml"><p class="res-header-id"><b>Generated Narrative: AllergyIntolerance MwsAllergyIntolerance-3</b></p><a name="MwsAllergyIntolerance-3"> </a><a name="hcMwsAllergyIntolerance-3"> </a><a name="MwsAllergyIntolerance-3-en-US"> </a><p><b>clinicalStatus</b>: <span title="Codes:{http://terminology.hl7.org/CodeSystem/allergyintolerance-clinical active}">Active</span></p><p><b>category</b>: Food</p><p><b>code</b>: <span title="Codes:{http://snomed.info/sct 227215000}">Artichoke</span></p><p><b>patient</b>: <a href="Patient/patient">Patient/patient</a></p><p><b>onset</b>: 2024-04-16</p><p><b>recorder</b>: <a href="PractitionerRole/recorder">PractitionerRole/recorder</a></p><p><b>note</b>: Information in the note field will not be visible to people viewing the record through legacy HL7 or SOAP interfaces</p><blockquote><p><b>reaction</b></p><blockquote><p><b>id</b></p>1</blockquote><p><b>manifestation</b>: <span title="Codes:{http://snomed.info/sct 21522001}">Abdominal pain</span></p></blockquote><hr/><blockquote><p class="res-header-id"><b>Generated Narrative: PractitionerRole #recorder2</b></p><a name="MwsAllergyIntolerance-3/recorder2"> </a><a name="hcMwsAllergyIntolerance-3/recorder2"> </a><a name="MwsAllergyIntolerance-3/recorder2-en-US"> </a><p><b>practitioner</b>: Mrs. TestOne Medical (Identifier: <code>http://my-local-practioner-namespace.co.nz</code>/my-local-practionerid-1234)</p><p><b>organization</b>: <a href="Organization/GZZ999-J">Organization/GZZ999-J</a></p><p><b>location</b>: <a href="Location/FZZ999-B">Location/FZZ999-B</a></p></blockquote><hr/><blockquote><p class="res-header-id"><b>Generated Narrative: Patient #patient2</b></p><a name="MwsAllergyIntolerance-3/patient2"> </a><a name="hcMwsAllergyIntolerance-3/patient2"> </a><a name="MwsAllergyIntolerance-3/patient2-en-US"> </a><p style="border: 1px #661aff solid; background-color: #e6e6ff; padding: 10px;">Paula Leilani Ortiz  (no stated gender), DoB: 2018-12-08 ( https://standards.digital.health.nz/ns/nhi-id#NHI#ZHF0988 (use: official, ))</p><hr/></blockquote></div>
  </text>
  <contained>
    <PractitionerRole>
      <id value="recorder2"/>
      <practitioner>
        <identifier>
          <system value="http://my-local-practioner-namespace.co.nz"/>
          <value value="my-local-practionerid-1234"/>
        </identifier>
        <display value="Mrs. TestOne Medical"/>
      </practitioner>
      <organization>
        <reference value="Organization/GZZ999-J"/>
      </organization>
      <location>
        <reference value="Location/FZZ999-B"/>
      </location>
    </PractitionerRole>
  </contained>
  <contained>
    <Patient>
      <id value="patient2"/>
      <meta>
        <profile value="http://hl7.org.nz/fhir/StructureDefinition/MwsPatient"/>
      </meta>
      <identifier>
        <use value="official"/>
        <system value="https://standards.digital.health.nz/ns/nhi-id"/>
        <value value="ZHF0988"/>
      </identifier>
      <name>
        <family value="Ortiz"/>
        <given value="Paula"/>
        <given value="Leilani"/>
      </name>
      <birthDate value="2018-12-08"/>
    </Patient>
  </contained>
  <clinicalStatus>
    <coding>
      <system value="http://terminology.hl7.org/CodeSystem/allergyintolerance-clinical"/>
      <code value="active"/>
    </coding>
  </clinicalStatus>
  <category value="food"/>
  <code>
    <coding>
      <system value="http://snomed.info/sct"/>
      <code value="227215000"/>
    </coding>
  </code>
  <patient>
    <reference value="Patient/patient"/>
  </patient>
  <onsetDateTime value="2024-04-16"/>
  <recorder>
    <reference value="PractitionerRole/recorder"/>
  </recorder>
  <note>
    <text value="Information in the note field will not be visible to people viewing the record through legacy HL7 or SOAP interfaces"/>
  </note>
  <reaction id="1">
    <manifestation>
      <coding>
        <system value="http://snomed.info/sct"/>
        <code value="21522001"/>
      </coding>
    </manifestation>
  </reaction>
</AllergyIntolerance>