{
  "resourceType" : "Bundle",
  "id" : "AI123456",
  "type" : "searchset",
  "entry" : [{
    "resource" : {
      "resourceType" : "AllergyIntolerance",
      "text" : {
        "status" : "generated",
        "div" : "<div xmlns=\"http://www.w3.org/1999/xhtml\"><a name=\"AllergyIntolerance_null\"> </a><p><b>Generated Narrative: AllergyIntolerance</b></p><div style=\"display: inline-block; background-color: #d9e0e7; padding: 6px; margin: 4px; border: 1px solid #8da1b4; border-radius: 5px; line-height: 60%\"/><p><b>clinicalStatus</b>: Active <span style=\"background: LightGoldenRodYellow; margin: 4px; border: 1px solid khaki\"> (<a href=\"http://terminology.hl7.org/4.0.0/CodeSystem-allergyintolerance-clinical.html\">AllergyIntolerance Clinical Status Codes</a>#active)</span></p><p><b>verificationStatus</b>: Refuted <span style=\"background: LightGoldenRodYellow; margin: 4px; border: 1px solid khaki\"> (<a href=\"http://terminology.hl7.org/4.0.0/CodeSystem-allergyintolerance-verification.html\">AllergyIntolerance Verification Status</a>#refuted)</span></p><p><b>category</b>: medication</p><p><b>patient</b>: <a href=\"Patient/Patient3\">Patient/Patient3</a></p><p><b>onset</b>: 2023</p><p><b>recordedDate</b>: 2024-03-04 12:31:07+1300</p><p><b>recorder</b>: <a href=\"PractitionerRole/Recorder3\">PractitionerRole/Recorder3</a></p><p><b>note</b>: Information in the note field will not be visible to people viewing the record through legacy HL7 or SOAP interfaces</p><hr/><blockquote><p style=\"border: 1px #661aff solid; background-color: #e6e6ff; padding: 10px;\"><b>Bobby Briscoe </b> (no stated gender), DoB: 1988-05-06 ( NHI/ZJM9397)</p><hr/></blockquote><hr/><blockquote><p><b>Generated Narrative: PractitionerRole #Recorder3</b><a name=\"Recorder3\"> </a><a name=\"hcRecorder3\"> </a></p><p><b>practitioner</b>: <a href=\"Practitioner/99ZZZS\">Practitioner/99ZZZS: Mrs TestOne Prefix-Test</a></p><p><b>organization</b>: <a href=\"Organization/GZZ998-G\">Organization/GZZ998-G: Live Org with Dormant</a></p><p><b>location</b>: <a href=\"Location/FZZ968-B\">Location/FZZ968-B: Facility Has All Contact Types TEST</a></p></blockquote></div>"
      },
      "contained" : [{
        "resourceType" : "Patient",
        "id" : "Patient3",
        "meta" : {
          "profile" : ["http://hl7.org.nz/fhir/StructureDefinition/MwsPatient"]
        },
        "identifier" : [{
          "system" : "https://standards.digital.health.nz/ns/nhi-id",
          "value" : "ZJM9397"
        }],
        "name" : [{
          "family" : "Briscoe",
          "given" : ["Bobby"]
        }],
        "birthDate" : "1988-05-06"
      },
      {
        "resourceType" : "PractitionerRole",
        "id" : "Recorder3",
        "practitioner" : {
          "reference" : "Practitioner/99ZZZS",
          "display" : "Mrs TestOne Prefix-Test"
        },
        "organization" : {
          "reference" : "Organization/GZZ998-G",
          "display" : "Live Org with Dormant"
        },
        "location" : [{
          "reference" : "Location/FZZ968-B",
          "display" : "Facility Has All Contact Types TEST"
        }]
      }],
      "clinicalStatus" : {
        "coding" : [{
          "system" : "http://terminology.hl7.org/CodeSystem/allergyintolerance-clinical",
          "code" : "active"
        }]
      },
      "verificationStatus" : {
        "coding" : [{
          "system" : "http://terminology.hl7.org/CodeSystem/allergyintolerance-verification",
          "code" : "refuted"
        }]
      },
      "category" : ["medication"],
      "patient" : {
        "reference" : "Patient/Patient3"
      },
      "onsetDateTime" : "2023",
      "recordedDate" : "2024-03-04T12:31:07+13:00",
      "recorder" : {
        "reference" : "PractitionerRole/Recorder3"
      },
      "note" : [{
        "text" : "Information in the note field will not be visible to people viewing the record through legacy HL7 or SOAP interfaces"
      }]
    }
  }]
}