<?xml version="1.0" encoding="UTF-8"?>

<Bundle xmlns="http://hl7.org/fhir">
  <id value="AI123456"/>
  <type value="searchset"/>
  <entry>
    <resource>
      <AllergyIntolerance>
        <text>
          <status value="extensions"/><div xmlns="http://www.w3.org/1999/xhtml"><a name="AllergyIntolerance_null"> </a><p><b>Generated Narrative: AllergyIntolerance</b></p><div style="display: inline-block; background-color: #d9e0e7; padding: 6px; margin: 4px; border: 1px solid #8da1b4; border-radius: 5px; line-height: 60%"/><p><b>Mws_attester</b>: <a href="PractitionerRole/Attester3">PractitionerRole/Attester3</a></p><p><b>Mws_attestedDate</b>: 2022-06-05</p><p><b>clinicalStatus</b>: Active <span style="background: LightGoldenRodYellow; margin: 4px; border: 1px solid khaki"> (<a href="http://terminology.hl7.org/4.0.0/CodeSystem-allergyintolerance-clinical.html">AllergyIntolerance Clinical Status Codes</a>#active)</span></p><p><b>verificationStatus</b>: Refuted <span style="background: LightGoldenRodYellow; margin: 4px; border: 1px solid khaki"> (<a href="http://terminology.hl7.org/4.0.0/CodeSystem-allergyintolerance-verification.html">AllergyIntolerance Verification Status</a>#refuted)</span></p><p><b>category</b>: medication</p><p><b>criticality</b>: low</p><p><b>patient</b>: <a href="Patient/ZJM9397">Patient/ZJM9397</a></p><p><b>onset</b>: 2023</p><p><b>recordedDate</b>: 2024-03-04 12:31:07+1300</p><p><b>recorder</b>: <a href="PractitionerRole/Recorder3">PractitionerRole/Recorder3</a></p><p><b>asserter</b>: <a href="PractitionerRole/Asserter3">PractitionerRole/Asserter3</a></p><hr/><blockquote><p><b>Generated Narrative: PractitionerRole #Asserter3</b><a name="Asserter3"> </a><a name="hcAsserter3"> </a></p><p><b>practitioner</b>: <a href="Practitioner/99ZZZS">Practitioner/99ZZZS: Mrs TestOne Prefix-Test</a></p><p><b>organization</b>: <a href="Organization/GZZ998-G">Organization/GZZ998-G: Live Org with Dormant</a></p><p><b>location</b>: <a href="Location/FZZ968-B">Location/FZZ968-B: Facility Has All Contact Types TEST</a></p></blockquote><hr/><blockquote><p><b>Generated Narrative: PractitionerRole #Attester3</b><a name="Attester3"> </a><a name="hcAttester3"> </a></p><p><b>practitioner</b>: <a href="Practitioner/99ZZZS">Practitioner/99ZZZS: Mrs TestOne Prefix-Test</a></p><p><b>organization</b>: <a href="Organization/GZZ998-G">Organization/GZZ998-G: Live Org with Dormant</a></p><p><b>location</b>: <a href="Location/FZZ968-B">Location/FZZ968-B: Facility Has All Contact Types TEST</a></p></blockquote><hr/><blockquote><p style="border: 1px #661aff solid; background-color: #e6e6ff; padding: 10px;"><b>Bobby Briscoe </b> (no stated gender), DoB: 1988-05-06</p><hr/></blockquote><hr/><blockquote><p><b>Generated Narrative: PractitionerRole #Recorder3</b><a name="Recorder3"> </a><a name="hcRecorder3"> </a></p><p><b>practitioner</b>: <a href="Practitioner/99ZZZS">Practitioner/99ZZZS: Mrs TestOne Prefix-Test</a></p><p><b>organization</b>: <a href="Organization/GZZ998-G">Organization/GZZ998-G: Live Org with Dormant</a></p><p><b>location</b>: <a href="Location/FZZ968-B">Location/FZZ968-B: Facility Has All Contact Types TEST</a></p></blockquote></div>
        </text>
        <contained>
          <PractitionerRole>
            <id value="Asserter3"/>
            <practitioner>
              <reference value="Practitioner/99ZZZS"/>
              <display value="Mrs TestOne Prefix-Test"/>
            </practitioner>
            <organization>
              <reference value="Organization/GZZ998-G"/>
              <display value="Live Org with Dormant"/>
            </organization>
            <location>
              <reference value="Location/FZZ968-B"/>
              <display value="Facility Has All Contact Types TEST"/>
            </location>
          </PractitionerRole>
        </contained>
        <contained>
          <PractitionerRole>
            <id value="Attester3"/>
            <practitioner>
              <reference value="Practitioner/99ZZZS"/>
              <display value="Mrs TestOne Prefix-Test"/>
            </practitioner>
            <organization>
              <reference value="Organization/GZZ998-G"/>
              <display value="Live Org with Dormant"/>
            </organization>
            <location>
              <reference value="Location/FZZ968-B"/>
              <display value="Facility Has All Contact Types TEST"/>
            </location>
          </PractitionerRole>
        </contained>
        <contained>
          <Patient>
            <id value="ZCZ0797"/>
            <meta>
              <profile value="http://hl7.org.nz/fhir/StructureDefinition/MwsPatient"/>
            </meta>
            <name>
              <family value="Briscoe"/>
              <given value="Bobby"/>
            </name>
            <birthDate value="1988-05-06"/>
          </Patient>
        </contained>
        <contained>
          <PractitionerRole>
            <id value="Recorder3"/>
            <practitioner>
              <reference value="Practitioner/99ZZZS"/>
              <display value="Mrs TestOne Prefix-Test"/>
            </practitioner>
            <organization>
              <reference value="Organization/GZZ998-G"/>
              <display value="Live Org with Dormant"/>
            </organization>
            <location>
              <reference value="Location/FZZ968-B"/>
              <display value="Facility Has All Contact Types TEST"/>
            </location>
          </PractitionerRole>
        </contained>
        <extension url="http://hl7.org.nz/fhir/StructureDefinition/mws-attester">
          <valueReference>
            <reference value="PractitionerRole/Attester3"/>
          </valueReference>
        </extension>
        <extension url="http://hl7.org.nz/fhir/StructureDefinition/mws-attested-date">
          <valueDate value="2022-06-05"/>
        </extension>
        <clinicalStatus>
          <coding>
            <system value="http://terminology.hl7.org/CodeSystem/allergyintolerance-clinical"/>
            <code value="active"/>
          </coding>
        </clinicalStatus>
        <verificationStatus>
          <coding>
            <system value="http://terminology.hl7.org/CodeSystem/allergyintolerance-verification"/>
            <code value="refuted"/>
          </coding>
        </verificationStatus>
        <category value="medication"/>
        <criticality value="low"/>
        <patient>
          <reference value="Patient/ZJM9397"/>
        </patient>
        <onsetDateTime value="2023"/>
        <recordedDate value="2024-03-04T12:31:07+13:00"/>
        <recorder>
          <reference value="PractitionerRole/Recorder3"/>
        </recorder>
        <asserter>
          <reference value="PractitionerRole/Asserter3"/>
        </asserter>
      </AllergyIntolerance>
    </resource>
  </entry>
</Bundle>