{
  "resourceType" : "Bundle",
  "id" : "MD11223344",
  "type" : "searchset",
  "total" : 2,
  "entry" : [{
    "resource" : {
      "resourceType" : "MedicationDispense",
      "id" : "1QH2QN6QCYKVX2Y9J2",
      "text" : {
        "status" : "extensions",
        "div" : "<div xmlns=\"http://www.w3.org/1999/xhtml\"><a name=\"MedicationDispense_1QH2QN6QCYKVX2Y9J2\"> </a><p class=\"res-header-id\"><b>Generated Narrative: MedicationDispense 1QH2QN6QCYKVX2Y9J2</b></p><a name=\"1QH2QN6QCYKVX2Y9J2\"> </a><a name=\"hc1QH2QN6QCYKVX2Y9J2\"> </a><a name=\"1QH2QN6QCYKVX2Y9J2-en-US\"> </a><p><b>NZePS Original Pharmacy Approval Number</b>: 123456</p><p><b>NZePS Local Script Number</b>: 654321</p><p><b>NZePS Medication Co-Payment Payment Indicator</b>: true</p><p><b>status</b>: Completed</p><p><b>medication</b>: <span title=\"Codes:{http://nzmt.org.nz 350302831000117105}\">CODEINE PHOSPHATE 30mg Tablets</span></p><p><b>subject</b>: <a href=\"Patient/ZSY0175\">Patient/ZSY0175</a></p><p><b>location</b>: <a href=\"Location/FZZ997-J\">Location/FZZ997-J</a></p><p><b>whenPrepared</b>: 2024-09-02 14:10:27+1200</p></div>"
      },
      "extension" : [{
        "url" : "http://hl7.org.nz/fhir/StructureDefinition/nzeps-pharmacy-approval-original",
        "valueString" : "123456"
      },
      {
        "url" : "http://hl7.org.nz/fhir/StructureDefinition/nzeps-scriptno-local",
        "valueString" : "654321"
      },
      {
        "url" : "http://hl7.org.nz/fhir/StructureDefinition/nzeps-medication-copayment-paid",
        "valueBoolean" : true
      }],
      "status" : "completed",
      "medicationCodeableConcept" : {
        "coding" : [{
          "system" : "http://nzmt.org.nz",
          "code" : "350302831000117105",
          "display" : "CODEINE PHOSPHATE 30mg Tablets"
        }]
      },
      "subject" : {
        "reference" : "Patient/ZSY0175"
      },
      "location" : {
        "reference" : "Location/FZZ997-J"
      },
      "whenPrepared" : "2024-09-02T14:10:27+12:00"
    }
  },
  {
    "resource" : {
      "resourceType" : "MedicationDispense",
      "id" : "1QH2QN70VXP9CWFVX7",
      "text" : {
        "status" : "extensions",
        "div" : "<div xmlns=\"http://www.w3.org/1999/xhtml\"><a name=\"MedicationDispense_1QH2QN70VXP9CWFVX7\"> </a><p class=\"res-header-id\"><b>Generated Narrative: MedicationDispense 1QH2QN70VXP9CWFVX7</b></p><a name=\"1QH2QN70VXP9CWFVX7\"> </a><a name=\"hc1QH2QN70VXP9CWFVX7\"> </a><a name=\"1QH2QN70VXP9CWFVX7-en-US\"> </a><p><b>NZePS Original Pharmacy Approval Number</b>: 667788</p><p><b>NZePS Local Script Number</b>: 887766</p><p><b>NZePS Medication Co-Payment Payment Indicator</b>: true</p><p><b>status</b>: Completed</p><p><b>medication</b>: <span title=\"Codes:{http://nzmt.org.nz 50108931000117106}\">RA-MORPH 1mg/ml Liquid</span></p><p><b>subject</b>: <a href=\"Patient/YNS4214\">Patient/YNS4214</a></p><p><b>whenPrepared</b>: 2024-09-01 14:10:27+1200</p></div>"
      },
      "extension" : [{
        "url" : "http://hl7.org.nz/fhir/StructureDefinition/nzeps-pharmacy-approval-original",
        "valueString" : "667788"
      },
      {
        "url" : "http://hl7.org.nz/fhir/StructureDefinition/nzeps-scriptno-local",
        "valueString" : "887766"
      },
      {
        "url" : "http://hl7.org.nz/fhir/StructureDefinition/nzeps-medication-copayment-paid",
        "valueBoolean" : true
      }],
      "status" : "completed",
      "medicationCodeableConcept" : {
        "coding" : [{
          "system" : "http://nzmt.org.nz",
          "code" : "50108931000117106",
          "display" : "RA-MORPH 1mg/ml Liquid"
        }]
      },
      "subject" : {
        "reference" : "Patient/YNS4214"
      },
      "whenPrepared" : "2024-09-01T14:10:27+12:00"
    }
  }]
}