[
  {
    "id" : "MwsAllergyIntolerance",
    "type" : "StructureDefinition",
    "url" : "http://hl7.org.nz/fhir/StructureDefinition/MwsAllergyIntolerance",
    "version" : "1.0.3",
    "name" : "MwsAllergyIntolerance"
  },
  {
    "id" : "MwsPatient",
    "type" : "StructureDefinition",
    "url" : "http://hl7.org.nz/fhir/StructureDefinition/MwsPatient",
    "version" : "1.0.3",
    "name" : "MwsPatient"
  },
  {
    "id" : "mws-attested-date",
    "type" : "StructureDefinition",
    "url" : "http://hl7.org.nz/fhir/StructureDefinition/mws-attested-date",
    "version" : "1.0.3",
    "name" : "Mws_attestedDate"
  },
  {
    "id" : "mws-attester",
    "type" : "StructureDefinition",
    "url" : "http://hl7.org.nz/fhir/StructureDefinition/mws-attester",
    "version" : "1.0.3",
    "name" : "Mws_attester"
  },
  {
    "id" : "MWSCapabilityStatement",
    "type" : "CapabilityStatement",
    "url" : "http://hl7.org.nz/fhir/ig/mws/CapabilityStatement/MWSCapabilityStatement",
    "version" : "1.0.3"
  },
  {
    "id" : "hl7.org.nz.fhir.ig.mws",
    "type" : "ImplementationGuide",
    "url" : "http://hl7.org.nz/fhir/ig/mws/ImplementationGuide/hl7.org.nz.fhir.ig.mws",
    "version" : "1.0.3",
    "name" : "NewZealandMWSIG"
  }
]
