[
  {
    "id" : "MwsAllergyIntolerance",
    "type" : "StructureDefinition",
    "url" : "http://hl7.org.nz/fhir/StructureDefinition/MwsAllergyIntolerance",
    "version" : "1.0.0-SNAPSHOT",
    "name" : "MwsAllergyIntolerance"
  },
  {
    "id" : "mws-attester",
    "type" : "StructureDefinition",
    "url" : "http://hl7.org.nz/fhir/StructureDefinition/mws-attester",
    "version" : "1.0.0-SNAPSHOT",
    "name" : "Mws_attester"
  },
  {
    "id" : "mws-legacy-description",
    "type" : "StructureDefinition",
    "url" : "http://hl7.org.nz/fhir/StructureDefinition/mws-legacy-description",
    "version" : "1.0.0-SNAPSHOT",
    "name" : "Legacy_description"
  },
  {
    "id" : "hl7.org.nz.fhir.ig.mws",
    "type" : "ImplementationGuide",
    "url" : "http://hl7.org.nz/fhir/ig/mws/ImplementationGuide/hl7.org.nz.fhir.ig.mws",
    "version" : "1.0.0-SNAPSHOT",
    "name" : "NewZealandMWSIG"
  },
  {
    "id" : "mws-allergyintolerance-clinical-1.0",
    "type" : "ValueSet",
    "url" : "https://nzhts.digital.health.nz/fhir/ValueSet/mws-allergyintolerance-clinical",
    "version" : "1.0.0-SNAPSHOT",
    "name" : "Mws_allergyintolerance_clinical"
  }
]
