{
  "resourceType" : "CapabilityStatement",
  "id" : "MWSCapabilityStatement",
  "text" : {
    "status" : "extensions",
    "div" : "<div xmlns=\"http://www.w3.org/1999/xhtml\"><p class=\"res-header-id\"><b>Generated Narrative: CapabilityStatement MWSCapabilityStatement</b></p><a name=\"MWSCapabilityStatement\"> </a><a name=\"hcMWSCapabilityStatement\"> </a><a name=\"MWSCapabilityStatement-en-US\"> </a><h2 id=\"title\"/><ul><li>Implementation Guide Version: 1.1.1 </li><li>FHIR Version: 4.0.1 </li><li>Supported Formats: <code>json</code></li><li>Supported Patch Formats: <code>json</code></li><li>Published on: 2023-05-24 </li><li>Published by: Te Whatu Ora </li></ul><blockquote class=\"impl-note\"><p><strong>Note to Implementers: FHIR Capabilities</strong></p><p>Any FHIR capability may be 'allowed' by the system unless explicitly marked as 'SHALL NOT'. A few items are marked as MAY in the Implementation Guide to highlight their potential relevance to the use case.</p></blockquote><h2 id=\"rest\">FHIR RESTful Capabilities</h2><div class=\"panel panel-default\"><div class=\"panel-heading\"><h3 id=\"mode1\" class=\"panel-title\">Mode: <code>server</code></h3></div><div class=\"panel-body\"><div class=\"lead\"><em>Summary of System-wide Interactions</em></div></div></div><h3 id=\"resourcesCap1\">Capabilities by Resource/Profile</h3><h4 id=\"resourcesSummary1\">Summary</h4><p>The summary table lists the resources that are part of this configuration, and for each resource it lists:</p><ul><li>The relevant profiles (if any)</li><li>The interactions supported by each resource (<b><span class=\"bg-info\">R</span></b>ead, <b><span class=\"bg-info\">S</span></b>earch, <b><span class=\"bg-info\">U</span></b>pdate, and <b><span class=\"bg-info\">C</span></b>reate, are always shown, while <b><span class=\"bg-info\">VR</span></b>ead, <b><span class=\"bg-info\">P</span></b>atch, <b><span class=\"bg-info\">D</span></b>elete, <b><span class=\"bg-info\">H</span></b>istory on <b><span class=\"bg-info\">I</span></b>nstance, or <b><span class=\"bg-info\">H</span></b>istory on <b><span class=\"bg-info\">T</span></b>ype are only present if at least one of the resources has support for them.</li><li><span>The required, recommended, and some optional search parameters (if any). </span></li><li>The linked resources enabled for <code>_include</code></li><li>The other resources enabled for <code>_revinclude</code></li><li>The operations on the resource (if any)</li></ul><div class=\"table-responsive\"><table class=\"table table-condensed table-hover\"><thead><tr><th><b>Resource Type</b></th><th><b>Profile</b></th><th class=\"text-center\"><b title=\"GET a resource (read interaction)\">R</b></th><th class=\"text-center\"><b title=\"GET all set of resources of the type (search interaction)\">S</b></th><th class=\"text-center\"><b title=\"PUT a new resource version (update interaction)\">U</b></th><th class=\"text-center\"><b title=\"POST a new resource (create interaction)\">C</b></th><th class=\"text-center\"><b title=\"DELETE a resource (delete interaction)\">D</b></th><th><b title=\"Required and recommended search parameters\">Searches</b></th><th><code><b>_include</b></code></th><th><code><b>_revinclude</b></code></th><th><b>Operations</b></th></tr></thead><tbody><tr><td><a href=\"#AllergyIntolerance1-1\">AllergyIntolerance</a></td><td><a href=\"StructureDefinition-MwsAllergyIntolerance.html\">http://hl7.org.nz/fhir/StructureDefinition/MwsAllergyIntolerance</a></td><td class=\"text-center\">y</td><td class=\"text-center\">y</td><td class=\"text-center\">y</td><td class=\"text-center\">y</td><td class=\"text-center\">y</td><td>patient, category</td><td/><td/><td/></tr><tr><td><a href=\"#MedicationDispense1-2\">MedicationDispense</a></td><td><a href=\"StructureDefinition-MwsMedicationDispense.html\">http://hl7.org.nz/fhir/StructureDefinition/MwsMedicationDispense</a></td><td class=\"text-center\"></td><td class=\"text-center\">y</td><td class=\"text-center\"></td><td class=\"text-center\"></td><td class=\"text-center\"></td><td>patient, copayment_claims_ytd</td><td/><td/><td/></tr></tbody></table></div><hr/><div class=\"panel panel-default\"><div class=\"panel-heading\"><h4 id=\"AllergyIntolerance1-1\" class=\"panel-title\"><span style=\"float: right;\">Resource Conformance: supported </span>AllergyIntolerance</h4></div><div class=\"panel-body\"><div class=\"container\"><div class=\"row\"><div class=\"col-lg-6\"><span class=\"lead\">Base System Profile</span><br/><a href=\"StructureDefinition-MwsAllergyIntolerance.html\">MwsAllergyIntolerance</a></div><div class=\"col-lg-3\"><span class=\"lead\">Profile Conformance</span><br/><b>SHALL</b></div><div class=\"col-lg-3\"><span class=\"lead\">Reference Policy</span><br/></div></div><p/><div class=\"row\"><div class=\"col-lg-6\"><span class=\"lead\">Interaction summary</span><br/><ul><li>Supports <br/><code>read</code><div><p>GET,[base]/AllergyIntolerance/[id],retrieve an AllergyIntolerance, system/AllergyIntolerance.r</p>\n</div><code>create</code><div><p>POST,[base]/AllergyIntolerance, create a new AllergyIntolerance, system/AllergyIntolerance.c</p>\n</div><code>search-type</code><div><p>GET,[base]/AllergyIntolerance, search for a Patient's  AllergyIntolerances, system/AllergyIntolerance.s</p>\n</div><code>update</code><div><p>PUT,[base]/AllergyIntolerance/[id], update an existing AllergyIntolerance, system/AllergyIntolerance.u</p>\n</div><code>delete</code><div><p>DELETE,[base]/AllergyIntolerance/[id], delete  an existing legacy AllergyIntolerance, system/AllergyIntolerance.d</p>\n</div></li></ul></div></div><p/><div class=\"row\"><div class=\"col-lg-7\"><span class=\"lead\">Search Parameters</span><table class=\"table table-condensed table-hover\"><thead><tr><th>Conformance</th><th>Parameter</th><th>Type</th><th>Documentation</th></tr></thead><tbody><tr><td><b>SHALL</b></td><td>patient</td><td><code>string</code></td><td><div><p>NHI-Id</p>\n</div></td></tr><tr><td><b>SHALL</b></td><td>category</td><td><code>token</code></td><td><div><p>food, medication, environment or biologic</p>\n</div></td></tr></tbody></table></div><div class=\"col-lg-5\">\u00a0</div></div></div></div></div><div class=\"panel panel-default\"><div class=\"panel-heading\"><h4 id=\"MedicationDispense1-2\" class=\"panel-title\"><span style=\"float: right;\">Resource Conformance: supported </span>MedicationDispense</h4></div><div class=\"panel-body\"><div class=\"container\"><div class=\"row\"><div class=\"col-lg-6\"><span class=\"lead\">Base System Profile</span><br/><a href=\"StructureDefinition-MwsMedicationDispense.html\">MwsMedicationDispense</a></div><div class=\"col-lg-3\"><span class=\"lead\">Profile Conformance</span><br/><b>SHALL</b></div><div class=\"col-lg-3\"><span class=\"lead\">Reference Policy</span><br/></div></div><p/><div class=\"row\"><div class=\"col-lg-6\"><span class=\"lead\">Interaction summary</span><br/><ul><li>Supports <br/><code>search-type</code><div><p>GET,[base]/MedicationDispense,retrieve MedicationDispense co-payments , system/MedicationDispense.s</p>\n</div></li></ul></div></div><p/><div class=\"row\"><div class=\"col-lg-7\"><span class=\"lead\">Search Parameters</span><table class=\"table table-condensed table-hover\"><thead><tr><th>Conformance</th><th>Parameter</th><th>Type</th><th>Documentation</th></tr></thead><tbody><tr><td><b>SHALL</b></td><td><a href=\"http://hl7.org/fhir/R4/medicationdispense.html#search\">patient</a></td><td><code>reference</code></td><td><div/></td></tr><tr><td><b>SHALL</b></td><td>copayment_claims_ytd</td><td><code>token</code></td><td><div><p>food, medication, environment or biologic</p>\n</div></td></tr></tbody></table></div><div class=\"col-lg-5\">\u00a0</div></div></div></div></div></div>"
  },
  "url" : "http://hl7.org.nz/fhir/ig/mws/CapabilityStatement/MWSCapabilityStatement",
  "version" : "1.1.1",
  "status" : "draft",
  "date" : "2023-05-24",
  "publisher" : "Te Whatu Ora",
  "contact" : [{
    "name" : "Te Whatu Ora",
    "telecom" : [{
      "system" : "email",
      "value" : "mailto:integration@health.govt.nz"
    }]
  }],
  "description" : "MWS FHIR Capabilities",
  "kind" : "requirements",
  "fhirVersion" : "4.0.1",
  "format" : ["json"],
  "patchFormat" : ["json"],
  "rest" : [{
    "mode" : "server",
    "resource" : [{
      "type" : "AllergyIntolerance",
      "profile" : "http://hl7.org.nz/fhir/StructureDefinition/MwsAllergyIntolerance",
      "interaction" : [{
        "code" : "read",
        "documentation" : "GET,[base]/AllergyIntolerance/[id],retrieve an AllergyIntolerance, system/AllergyIntolerance.r"
      },
      {
        "code" : "create",
        "documentation" : "POST,[base]/AllergyIntolerance, create a new AllergyIntolerance, system/AllergyIntolerance.c"
      },
      {
        "code" : "search-type",
        "documentation" : "GET,[base]/AllergyIntolerance, search for a Patient's  AllergyIntolerances, system/AllergyIntolerance.s"
      },
      {
        "code" : "update",
        "documentation" : "PUT,[base]/AllergyIntolerance/[id], update an existing AllergyIntolerance, system/AllergyIntolerance.u"
      },
      {
        "code" : "delete",
        "documentation" : "DELETE,[base]/AllergyIntolerance/[id], delete  an existing legacy AllergyIntolerance, system/AllergyIntolerance.d"
      }],
      "searchParam" : [{
        "name" : "patient",
        "type" : "string",
        "documentation" : "NHI-Id"
      },
      {
        "name" : "category",
        "type" : "token",
        "documentation" : "food, medication, environment or biologic"
      }]
    },
    {
      "type" : "MedicationDispense",
      "profile" : "http://hl7.org.nz/fhir/StructureDefinition/MwsMedicationDispense",
      "interaction" : [{
        "code" : "search-type",
        "documentation" : "GET,[base]/MedicationDispense,retrieve MedicationDispense co-payments , system/MedicationDispense.s"
      }],
      "searchParam" : [{
        "name" : "patient",
        "definition" : "http://hl7.org/fhir/SearchParameter/clinical-patient",
        "type" : "reference"
      },
      {
        "name" : "copayment_claims_ytd",
        "type" : "token",
        "documentation" : "food, medication, environment or biologic"
      }]
    }]
  }]
}