{
  "codeSystems" : [
    {
      "url" : "http://hl7.org/fhir/allergy-intolerance-category",
      "version" : "4.0.1",
      "status" : "draft",
      "name" : "AllergyIntoleranceCategory",
      "title" : "AllergyIntoleranceCategory",
      "description" : "Category of an identified substance associated with allergies or intolerances.",
      "oids" : ["2.16.840.1.113883.4.642.4.134"],
      "uses" : {
      },
      "http://hl7.org/fhir/R4/valueset-allergy-intolerance-category.html" : "AllergyIntoleranceCategory"
    },
    {
      "url" : "http://hl7.org/fhir/allergy-intolerance-criticality",
      "version" : "4.0.1",
      "status" : "draft",
      "name" : "AllergyIntoleranceCriticality",
      "title" : "AllergyIntoleranceCriticality",
      "description" : "Estimate of the potential clinical harm, or seriousness, of a reaction to an identified substance.",
      "oids" : ["2.16.840.1.113883.4.642.4.130"],
      "uses" : {
      },
      "http://hl7.org/fhir/R4/valueset-allergy-intolerance-criticality.html" : "AllergyIntoleranceCriticality"
    },
    {
      "url" : "http://hl7.org/fhir/allergy-intolerance-type",
      "version" : "4.0.1",
      "status" : "draft",
      "name" : "AllergyIntoleranceType",
      "title" : "AllergyIntoleranceType",
      "description" : "Identification of the underlying physiological mechanism for a Reaction Risk.",
      "oids" : ["2.16.840.1.113883.4.642.4.132"],
      "uses" : {
      },
      "http://hl7.org/fhir/R4/valueset-allergy-intolerance-type.html" : "AllergyIntoleranceType"
    },
    {
      "url" : "http://hl7.org/fhir/reaction-event-severity",
      "version" : "4.0.1",
      "status" : "draft",
      "name" : "AllergyIntoleranceSeverity",
      "title" : "AllergyIntoleranceSeverity",
      "description" : "Clinical assessment of the severity of a reaction event as a whole, potentially considering multiple different manifestations.",
      "oids" : ["2.16.840.1.113883.4.642.4.136"],
      "uses" : {
      },
      "http://hl7.org/fhir/R4/valueset-reaction-event-severity.html" : "AllergyIntoleranceSeverity"
    },
    {
      "url" : "http://snomed.info/sct",
      "version" : null,
      "status" : "active",
      "name" : "SNOMED_CT",
      "title" : "SNOMED CT (all versions)",
      "description" : "SNOMED CT is the most comprehensive and precise clinical health terminology product in the world, owned and distributed around the world by The International Health Terminology Standards Development Organisation (IHTSDO).",
      "oids" : ["2.16.840.1.113883.6.96"],
      "uses" : {
      },
      "http://hl7.org/fhir/R4/valueset-allergyintolerance-code.html" : "AllergyIntolerance Substance/Product, Condition and Negation Codes",
      "http://hl7.org/fhir/R4/valueset-clinical-findings.html" : "SNOMED CT Clinical Findings",
      "http://hl7.org/fhir/R4/valueset-substance-code.html" : "Substance Code",
      "http://hl7.org/fhir/R4/valueset-route-codes.html" : "SNOMED CT Route Codes"
    },
    {
      "url" : "http://terminology.hl7.org/CodeSystem/allergyintolerance-clinical",
      "version" : "0.5.0",
      "status" : "draft",
      "name" : "AllergyIntoleranceClinicalStatusCodes",
      "title" : "AllergyIntolerance Clinical Status Codes",
      "description" : "Preferred value set for AllergyIntolerance Clinical Status.",
      "oids" : ["2.16.840.1.113883.4.642.1.1373"],
      "uses" : {
      },
      "http://hl7.org/fhir/R4/valueset-allergyintolerance-clinical.html" : "AllergyIntolerance Clinical Status Codes"
    },
    {
      "url" : "http://terminology.hl7.org/CodeSystem/allergyintolerance-verification",
      "version" : "0.5.0",
      "status" : "draft",
      "name" : "AllergyIntoleranceVerificationStatus",
      "title" : "AllergyIntolerance Verification Status",
      "description" : "The verification status to support or decline the clinical status of the allergy or intolerance.",
      "oids" : ["2.16.840.1.113883.4.642.1.1371"],
      "uses" : {
      },
      "http://hl7.org/fhir/R4/valueset-allergyintolerance-verification.html" : "AllergyIntolerance Verification Status Codes"
    },
    {
      "url" : "urn:ietf:bcp:47",
      "version" : "2.0.1",
      "status" : "active",
      "name" : "Ietf3066",
      "title" : "Tags for the Identification of Languages",
      "description" : "Older value from OID registry.  Superceded; see recommendations in BCP-47.",
      "oids" : ["2.16.840.1.113883.6.121"],
      "uses" : {
      },
      "http://hl7.org/fhir/R4/valueset-languages.html" : "Common Languages"
    }
  ]
}
