{
  "resourceType" : "Bundle",
  "id" : "7b82a6ea-20c0-4b92-b24c-0c175a54893c",
  "meta" : {
    "lastUpdated" : "2024-03-13T23:16:00.766+00:00"
  },
  "type" : "collection",
  "entry" : [{
    "fullUrl" : "https://nzhts.digital.health.nz/fhir/ValueSet/mws-allergyintolerance-clinical",
    "resource" : {
      "resourceType" : "ValueSet",
      "meta" : {
        "profile" : ["http://hl7.org/fhir/StructureDefinition/shareablevalueset"]
      },
      "text" : {
        "status" : "generated",
        "div" : "<div xmlns=\"http://www.w3.org/1999/xhtml\"><p style=\"border: black 1px dotted; background-color: #EEEEEE; padding: 8px; margin-bottom: 8px\">Expansion based on <a href=\"http://terminology.hl7.org/4.0.0/CodeSystem-allergyintolerance-clinical.html\">codesystem AllergyIntolerance Clinical Status Codes v0.5.0 (CodeSystem)</a></p><p>This value set contains 2 concepts.</p><table class=\"codes\"><tr><td style=\"white-space:nowrap\"><b>Code</b></td><td><b>System</b></td><td><b>Display</b></td><td><b>Definition</b></td></tr><tr><td style=\"white-space:nowrap\"><a name=\"http---terminology.hl7.org-CodeSystem-allergyintolerance-clinical-active\"> </a>\u00a0\u00a0<a href=\"http://terminology.hl7.org/4.0.0/CodeSystem-allergyintolerance-clinical.html#allergyintolerance-clinical-active\">active</a></td><td>http://terminology.hl7.org/CodeSystem/allergyintolerance-clinical</td><td>Active</td><td><div><p>The subject is currently experiencing, or is at risk of, a reaction to the identified substance.</p>\n</div></td></tr><tr><td style=\"white-space:nowrap\"><a name=\"http---terminology.hl7.org-CodeSystem-allergyintolerance-clinical-inactive\"> </a>\u00a0\u00a0<a href=\"http://terminology.hl7.org/4.0.0/CodeSystem-allergyintolerance-clinical.html#allergyintolerance-clinical-inactive\">inactive</a></td><td>http://terminology.hl7.org/CodeSystem/allergyintolerance-clinical</td><td>Inactive</td><td><div><p>The subject is no longer at risk of a reaction to the identified substance.</p>\n</div></td></tr></table></div>"
      },
      "url" : "https://nzhts.digital.health.nz/fhir/ValueSet/mws-allergyintolerance-clinical",
      "version" : "1.0.0-SNAPSHOT",
      "name" : "Mws_allergyintolerance_clinical",
      "title" : "Mws Allergyintolerance clinical status",
      "status" : "active",
      "experimental" : false,
      "date" : "2023-10-09T00:00:00+13:00",
      "expansion" : {
        "identifier" : "urn:uuid:ee880b8d-7173-438a-be45-fec184187c47",
        "timestamp" : "2024-03-13T23:16:42+00:00",
        "total" : 2,
        "offset" : 0,
        "parameter" : [{
          "name" : "count",
          "valueInteger" : 1000
        },
        {
          "name" : "offset",
          "valueInteger" : 0
        },
        {
          "name" : "excludeNested",
          "valueBoolean" : false
        },
        {
          "name" : "warning-draft",
          "valueUri" : "http://terminology.hl7.org/CodeSystem/allergyintolerance-clinical|0.5.0"
        },
        {
          "name" : "used-codesystem",
          "valueUri" : "http://terminology.hl7.org/CodeSystem/allergyintolerance-clinical|0.5.0"
        }],
        "contains" : [{
          "system" : "http://terminology.hl7.org/CodeSystem/allergyintolerance-clinical",
          "code" : "active",
          "display" : "Active"
        },
        {
          "system" : "http://terminology.hl7.org/CodeSystem/allergyintolerance-clinical",
          "code" : "inactive",
          "display" : "Inactive"
        }]
      }
    }
  }]
}