<?xml version="1.0" encoding="UTF-8"?>

<Bundle xmlns="http://hl7.org/fhir">
  <id value="309a3862-40ed-4f64-a9a4-cf2e529a61af"/>
  <meta>
    <lastUpdated value="2024-02-16T02:26:35.015+00:00"/>
  </meta>
  <type value="collection"/>
  <entry>
    <fullUrl value="https://nzhts.digital.health.nz/fhir/ValueSet/mws-allergyintolerance-clinical"/>
    <resource>
      <ValueSet>
        <meta>
          <profile value="http://hl7.org/fhir/StructureDefinition/shareablevalueset"/>
        </meta>
        <text>
          <status value="generated"/>
          <div xmlns="http://www.w3.org/1999/xhtml">
            <p style="border: black 1px dotted; background-color: #EEEEEE; padding: 8px; margin-bottom: 8px">Expansion based on 
              <a href="http://terminology.hl7.org/4.0.0/CodeSystem-allergyintolerance-clinical.html">codesystem AllergyIntolerance Clinical Status Codes v0.5.0 (CodeSystem)</a>
            </p>
            <p>This value set contains 2 concepts.</p>
            <table class="codes">
              <tr>
                <td style="white-space:nowrap">
                  <b>Code</b>
                </td>
                <td>
                  <b>System</b>
                </td>
                <td>
                  <b>Display</b>
                </td>
                <td>
                  <b>Definition</b>
                </td>
              </tr>
              <tr>
                <td style="white-space:nowrap">
                  <a name="http---terminology.hl7.org-CodeSystem-allergyintolerance-clinical-active"> </a>  
                  <a href="http://terminology.hl7.org/4.0.0/CodeSystem-allergyintolerance-clinical.html#allergyintolerance-clinical-active">active</a>
                </td>
                <td>http://terminology.hl7.org/CodeSystem/allergyintolerance-clinical</td>
                <td>Active</td>
                <td>
                  <div>
                    <p>The subject is currently experiencing, or is at risk of, a reaction to the identified substance.</p>

                  </div>
                </td>
              </tr>
              <tr>
                <td style="white-space:nowrap">
                  <a name="http---terminology.hl7.org-CodeSystem-allergyintolerance-clinical-inactive"> </a>  
                  <a href="http://terminology.hl7.org/4.0.0/CodeSystem-allergyintolerance-clinical.html#allergyintolerance-clinical-inactive">inactive</a>
                </td>
                <td>http://terminology.hl7.org/CodeSystem/allergyintolerance-clinical</td>
                <td>Inactive</td>
                <td>
                  <div>
                    <p>The subject is no longer at risk of a reaction to the identified substance.</p>

                  </div>
                </td>
              </tr>
            </table>
          </div>
        </text>
        <url value="https://nzhts.digital.health.nz/fhir/ValueSet/mws-allergyintolerance-clinical"/>
        <version value="1.0.0-SNAPSHOT"/>
        <name value="Mws_allergyintolerance_clinical"/>
        <title value="Mws Allergyintolerance clinical status"/>
        <status value="active"/>
        <experimental value="false"/>
        <date value="2023-10-09T00:00:00+13:00"/>
        <expansion>
          <identifier value="urn:uuid:90bae1fe-7453-4b87-92b5-756306f54e17"/>
          <timestamp value="2024-02-16T02:27:06+00:00"/>
          <total value="2"/>
          <offset value="0"/>
          <parameter>
            <name value="count"/>
            <valueInteger value="1000"/>
          </parameter>
          <parameter>
            <name value="offset"/>
            <valueInteger value="0"/>
          </parameter>
          <parameter>
            <name value="excludeNested"/>
            <valueBoolean value="false"/>
          </parameter>
          <parameter>
            <name value="warning-draft"/>
            <valueUri value="http://terminology.hl7.org/CodeSystem/allergyintolerance-clinical|0.5.0"/>
          </parameter>
          <parameter>
            <name value="used-codesystem"/>
            <valueUri value="http://terminology.hl7.org/CodeSystem/allergyintolerance-clinical|0.5.0"/>
          </parameter>
          <contains>
            <system value="http://terminology.hl7.org/CodeSystem/allergyintolerance-clinical"/>
            <code value="active"/>
            <display value="Active"/>
          </contains>
          <contains>
            <system value="http://terminology.hl7.org/CodeSystem/allergyintolerance-clinical"/>
            <code value="inactive"/>
            <display value="Inactive"/>
          </contains>
        </expansion>
      </ValueSet>
    </resource>
  </entry>
</Bundle>