﻿{
  "openapi": "3.0.2",
  "info": {
    "title": "CapabilityStatement[http://hl7.org.nz/fhir/ig/mws/CapabilityStatement/MWSCapabilityStatement|1.1.0]",
    "description": "MWS FHIR Capabilities",
    "license": {
      "name": "Creative Commons Zero v1.0 Universal",
      "url": "http://spdx.org/licenses/CC0-1.0.html"
    },
    "version": "1.1.0",
    "contact": {
      "name": "Te Whatu Ora",
      "email": "mailto:integration@health.govt.nz"
    }
  },
  "externalDocs": {
    "url": "http://hl7.org.nz/fhir/ig/mws/CapabilityStatement/MWSCapabilityStatement",
    "description": "FHIR CapabilityStatement"
  },
  "paths": {
    "/metadata": {
      "summary": "Access to the Server\u0027s Capability Statement",
      "description": "All FHIR Servers return a CapabilityStatement that describes what services they perform",
      "get": {
        "summary": "Return the server\u0027s capability statement",
        "operationId": "metadata",
        "responses": {
          "default": {
            "description": "Error, with details",
            "content": {
              "application/fhir+json": {
                "schema": {
                  "$ref": "https://hl7.org/fhir/R4/fhir.schema.json#/definitions/OperationOutcome"
                }
              }
            }
          },
          "200": {
            "description": "the capbility statement",
            "content": {
              "application/fhir+json": {
                "schema": {
                  "$ref": "https://hl7.org/fhir/R4/fhir.schema.json#/definitions/CapabilityStatement"
                }
              }
            }
          }
        },
        "parameters": [
          {
            "$ref": "#/components/parameters/format"
          },
          {
            "$ref": "#/components/parameters/pretty"
          },
          {
            "$ref": "#/components/parameters/summary"
          },
          {
            "$ref": "#/components/parameters/elements"
          }
        ]
      }
    },
    "/AllergyIntolerance": {
      "summary": "Manager for resources of type AllergyIntolerance",
      "description": "The Manager for resources of type AllergyIntolerance: provides services to manage the collection of all the AllergyIntolerance instances",
      "get": {
        "summary": "Search all resources of type AllergyIntolerance based on a set of criteria",
        "operationId": "searchAllergyIntolerance",
        "responses": {
          "default": {
            "description": "Error, with details",
            "content": {
              "application/fhir+json": {
                "schema": {
                  "$ref": "https://hl7.org/fhir/R4/fhir.schema.json#/definitions/OperationOutcome"
                }
              }
            }
          },
          "200": {
            "description": "the resource being returned",
            "content": {
              "application/fhir+json": {
                "schema": {
                  "$ref": "https://hl7.org/fhir/R4/fhir.schema.json#/definitions/Bundle"
                }
              }
            }
          }
        },
        "parameters": [
          {
            "$ref": "#/components/parameters/format"
          },
          {
            "$ref": "#/components/parameters/pretty"
          },
          {
            "$ref": "#/components/parameters/summary"
          },
          {
            "$ref": "#/components/parameters/elements"
          },
          {
            "name": "patient",
            "in": "query",
            "description": "NHI-Id",
            "schema": {
              "type": "string"
            }
          },
          {
            "name": "category",
            "in": "query",
            "description": "food, medication, environment or biologic",
            "schema": {
              "type": "string"
            }
          }
        ]
      },
      "post": {
        "summary": "Create a new resource",
        "operationId": "createAllergyIntolerance",
        "requestBody": {
          "description": "The new state of the resource",
          "required": true,
          "content": {
            "application/fhir+json": {
              "schema": {
                "$ref": "https://hl7.org/fhir/R4/fhir.schema.json#/definitions/AllergyIntolerance"
              }
            }
          }
        },
        "responses": {
          "default": {
            "description": "Error, with details",
            "content": {
              "application/fhir+json": {
                "schema": {
                  "$ref": "https://hl7.org/fhir/R4/fhir.schema.json#/definitions/OperationOutcome"
                }
              }
            }
          },
          "200": {
            "description": "the resource being returned after being updated",
            "headers": {
              "ETag": {
                "description": "Version from Resource.meta.version as a weak ETag",
                "schema": {
                  "type": "string"
                }
              }
            },
            "content": {
              "application/fhir+json": {
                "schema": {
                  "$ref": "https://hl7.org/fhir/R4/fhir.schema.json#/definitions/AllergyIntolerance"
                }
              }
            }
          }
        },
        "parameters": [
          {
            "$ref": "#/components/parameters/summary"
          },
          {
            "$ref": "#/components/parameters/format"
          },
          {
            "$ref": "#/components/parameters/pretty"
          },
          {
            "$ref": "#/components/parameters/elements"
          }
        ]
      }
    },
    "/AllergyIntolerance/{rid}": {
      "summary": "Read/Write/etc resource instance of type AllergyIntolerance",
      "description": "Access to services to manage the state of a single resource of type AllergyIntolerance",
      "get": {
        "summary": "Read the current state of the resource",
        "operationId": "readAllergyIntolerance",
        "responses": {
          "default": {
            "description": "Error, with details",
            "content": {
              "application/fhir+json": {
                "schema": {
                  "$ref": "https://hl7.org/fhir/R4/fhir.schema.json#/definitions/OperationOutcome"
                }
              }
            }
          },
          "200": {
            "description": "the resource being returned",
            "headers": {
              "ETag": {
                "description": "Version from Resource.meta.version as a weak ETag",
                "schema": {
                  "type": "string"
                }
              }
            },
            "content": {
              "application/fhir+json": {
                "schema": {
                  "$ref": "https://hl7.org/fhir/R4/fhir.schema.json#/definitions/AllergyIntolerance"
                }
              }
            }
          }
        },
        "parameters": [
          {
            "$ref": "#/components/parameters/rid"
          },
          {
            "$ref": "#/components/parameters/summary"
          },
          {
            "$ref": "#/components/parameters/format"
          },
          {
            "$ref": "#/components/parameters/pretty"
          },
          {
            "$ref": "#/components/parameters/elements"
          }
        ]
      },
      "put": {
        "summary": "Update the current state of the resource",
        "operationId": "updateAllergyIntolerance",
        "requestBody": {
          "description": "The new state of the resource",
          "required": true,
          "content": {
            "application/fhir+json": {
              "schema": {
                "$ref": "https://hl7.org/fhir/R4/fhir.schema.json#/definitions/AllergyIntolerance"
              }
            }
          }
        },
        "responses": {
          "default": {
            "description": "Error, with details",
            "content": {
              "application/fhir+json": {
                "schema": {
                  "$ref": "https://hl7.org/fhir/R4/fhir.schema.json#/definitions/OperationOutcome"
                }
              }
            }
          },
          "200": {
            "description": "the resource being returned after being updated",
            "headers": {
              "ETag": {
                "description": "Version from Resource.meta.version as a weak ETag",
                "schema": {
                  "type": "string"
                }
              }
            },
            "content": {
              "application/fhir+json": {
                "schema": {
                  "$ref": "https://hl7.org/fhir/R4/fhir.schema.json#/definitions/AllergyIntolerance"
                }
              }
            }
          }
        },
        "parameters": [
          {
            "$ref": "#/components/parameters/rid"
          },
          {
            "$ref": "#/components/parameters/summary"
          },
          {
            "$ref": "#/components/parameters/format"
          },
          {
            "$ref": "#/components/parameters/pretty"
          },
          {
            "$ref": "#/components/parameters/elements"
          }
        ]
      },
      "delete": {
        "summary": "Delete the resource so that it no exists (no read, search etc)",
        "operationId": "deleteAllergyIntolerance",
        "responses": {
          "default": {
            "description": "Error, with details",
            "content": {
              "application/fhir+json": {
                "schema": {
                  "$ref": "https://hl7.org/fhir/R4/fhir.schema.json#/definitions/OperationOutcome"
                }
              }
            }
          },
          "204": {
            "description": "If the resource is deleted - no content is returned",
            "headers": {
              "ETag": {
                "description": "Version from Resource.meta.version as a weak ETag",
                "schema": {
                  "type": "string"
                }
              }
            }
          }
        },
        "parameters": [
          {
            "$ref": "#/components/parameters/rid"
          }
        ]
      }
    },
    "/MedicationDispense": {
      "summary": "manage the collection of resources of type MedicationDispense",
      "description": "Access to services to manage the collection of all resources of type MedicationDispense",
      "get": {
        "summary": "Search all resources of type MedicationDispense based on a set of criteria",
        "operationId": "searchMedicationDispense",
        "responses": {
          "default": {
            "description": "Error, with details",
            "content": {
              "application/fhir+json": {
                "schema": {
                  "$ref": "https://hl7.org/fhir/R4/fhir.schema.json#/definitions/OperationOutcome"
                }
              }
            }
          },
          "200": {
            "description": "the resource being returned",
            "content": {
              "application/fhir+json": {
                "schema": {
                  "$ref": "https://hl7.org/fhir/R4/fhir.schema.json#/definitions/Bundle"
                }
              }
            }
          }
        },
        "parameters": [
          {
            "$ref": "#/components/parameters/format"
          },
          {
            "$ref": "#/components/parameters/pretty"
          },
          {
            "$ref": "#/components/parameters/summary"
          },
          {
            "$ref": "#/components/parameters/elements"
          },
          {
            "name": "patient",
            "in": "query",
            "schema": {
              "type": "string"
            },
            "description": "Multiple Resources: \r\n\r\n* [AllergyIntolerance](allergyintolerance.html): Who the sensitivity is for\r\n* [CarePlan](careplan.html): Who the care plan is for\r\n* [CareTeam](careteam.html): Who care team is for\r\n* [ClinicalImpression](clinicalimpression.html): Patient or group assessed\r\n* [Composition](composition.html): Who and/or what the composition is about\r\n* [Condition](condition.html): Who has the condition?\r\n* [Consent](consent.html): Who the consent applies to\r\n* [DetectedIssue](detectedissue.html): Associated patient\r\n* [DeviceRequest](devicerequest.html): Individual the service is ordered for\r\n* [DeviceUseStatement](deviceusestatement.html): Search by subject - a patient\r\n* [DiagnosticReport](diagnosticreport.html): The subject of the report if a patient\r\n* [DocumentManifest](documentmanifest.html): The subject of the set of documents\r\n* [DocumentReference](documentreference.html): Who/what is the subject of the document\r\n* [Encounter](encounter.html): The patient or group present at the encounter\r\n* [EpisodeOfCare](episodeofcare.html): The patient who is the focus of this episode of care\r\n* [FamilyMemberHistory](familymemberhistory.html): The identity of a subject to list family member history items for\r\n* [Flag](flag.html): The identity of a subject to list flags for\r\n* [Goal](goal.html): Who this goal is intended for\r\n* [ImagingStudy](imagingstudy.html): Who the study is about\r\n* [Immunization](immunization.html): The patient for the vaccination record\r\n* [List](list.html): If all resources have the same subject\r\n* [MedicationAdministration](medicationadministration.html): The identity of a patient to list administrations  for\r\n* [MedicationDispense](medicationdispense.html): The identity of a patient to list dispenses  for\r\n* [MedicationRequest](medicationrequest.html): Returns prescriptions for a specific patient\r\n* [MedicationStatement](medicationstatement.html): Returns statements for a specific patient.\r\n* [NutritionOrder](nutritionorder.html): The identity of the person who requires the diet, formula or nutritional supplement\r\n* [Observation](observation.html): The subject that the observation is about (if patient)\r\n* [Procedure](procedure.html): Search by subject - a patient\r\n* [RiskAssessment](riskassessment.html): Who/what does assessment apply to?\r\n* [ServiceRequest](servicerequest.html): Search by subject - a patient\r\n* [SupplyDelivery](supplydelivery.html): Patient for whom the item is supplied\r\n* [VisionPrescription](visionprescription.html): The identity of a patient to list dispenses for\r\n"
          },
          {
            "name": "copayment_claims_ytd",
            "in": "query",
            "description": "food, medication, environment or biologic",
            "schema": {
              "type": "string"
            }
          }
        ]
      }
    }
  },
  "components": {
    "parameters": {
      "rid": {
        "name": "rid",
        "in": "path",
        "description": "id of the resource (\u003dResource.id)",
        "required": true,
        "allowEmptyValue": false,
        "style": "simple",
        "schema": {
          "type": "string"
        }
      },
      "hid": {
        "name": "hid",
        "in": "path",
        "description": "id of the history entry (\u003dResource.meta.versionId)",
        "required": true,
        "allowEmptyValue": false,
        "style": "simple",
        "schema": {
          "type": "string"
        }
      },
      "summary": {
        "name": "_summary",
        "in": "query",
        "description": "Requests the server to return a designated subset of the resource",
        "allowEmptyValue": true,
        "style": "form",
        "schema": {
          "type": "string",
          "enum": [
            "true",
            "text",
            "data",
            "count",
            "false"
          ]
        }
      },
      "format": {
        "name": "_format",
        "in": "query",
        "description": "Specify alternative response formats by their MIME-types (when a client is unable acccess accept: header)",
        "allowEmptyValue": true,
        "style": "form",
        "schema": {
          "type": "string",
          "format": "mime-type"
        }
      },
      "pretty": {
        "name": "_pretty",
        "in": "query",
        "description": "Ask for a pretty printed response for human convenience",
        "allowEmptyValue": true,
        "style": "form",
        "schema": {
          "type": "boolean"
        }
      },
      "elements": {
        "name": "_elements",
        "in": "query",
        "description": "Requests the server to return a collection of elements from the resource",
        "allowEmptyValue": true,
        "style": "form",
        "explode": false,
        "schema": {
          "type": "array",
          "format": "string",
          "items": {
            "format": "string"
          }
        }
      },
      "count": {
        "name": "_count",
        "in": "query",
        "description": "The maximum number of search results on a page. The server is not bound to return the number requested, but cannot return more",
        "schema": {
          "type": "number"
        }
      }
    }
  }
}