{
  "package": "hl7.org.nz.fhir.ig.mws",
  "version": "1.0.0-SNAPSHOT",
  "fhirVersion": "4.0.1",
  "extensions": [
    {
      "url": "http://hl7.org.nz/fhir/StructureDefinition/mws-attested-date",
      "title": "Mws_attestedDate",
      "types": [
        "dateTime",
        "base64Binary",
        "boolean",
        "canonical",
        "code",
        "date",
        "dateTime",
        "decimal",
        "id",
        "instant",
        "integer",
        "markdown",
        "oid",
        "positiveInt",
        "string",
        "time",
        "unsignedInt",
        "uri",
        "url",
        "uuid",
        "Address",
        "Age",
        "Annotation",
        "Attachment",
        "CodeableConcept",
        "Coding",
        "ContactPoint",
        "Count",
        "Distance",
        "Duration",
        "HumanName",
        "Identifier",
        "Money",
        "Period",
        "Quantity",
        "Range",
        "Ratio",
        "Reference",
        "SampledData",
        "Signature",
        "Timing",
        "ContactDetail",
        "Contributor",
        "DataRequirement",
        "Expression",
        "ParameterDefinition",
        "RelatedArtifact",
        "TriggerDefinition",
        "UsageContext",
        "Dosage",
        "Meta"
      ]
    },
    {
      "url": "http://hl7.org.nz/fhir/StructureDefinition/mws-attester",
      "title": "Mws_attester",
      "types": [
        "Reference"
      ]
    },
    {
      "url": "http://hl7.org.nz/fhir/StructureDefinition/mws-legacy-description",
      "title": "Legacy_description",
      "types": [
        "string"
      ]
    }
  ],
  "profiles": {
    "AllergyIntolerance": [
      {
        "url": "http://hl7.org.nz/fhir/StructureDefinition/MwsAllergyIntolerance",
        "title": "MwsAllergyIntolerance"
      }
    ]
  },
  "usage": {
    "http://hl7.org.nz/fhir/StructureDefinition/mws-attested-date": [
      "AllergyIntolerance"
    ],
    "http://hl7.org.nz/fhir/StructureDefinition/mws-attester": [
      "AllergyIntolerance"
    ],
    "http://hl7.org.nz/fhir/StructureDefinition/mws-legacy-description": [
      "AllergyIntolerance"
    ],
    "http://hl7.org/fhir/StructureDefinition/elementdefinition-bestpractice": [
      "StructureDefinition.snapshot.element.constraint"
    ],
    "http://hl7.org/fhir/StructureDefinition/elementdefinition-bestpractice-explanation": [
      "StructureDefinition.snapshot.element.constraint"
    ],
    "http://hl7.org/fhir/StructureDefinition/elementdefinition-bindingName": [
      "StructureDefinition.snapshot.element.binding"
    ],
    "http://hl7.org/fhir/StructureDefinition/elementdefinition-maxValueSet": [
      "StructureDefinition.snapshot.element.binding"
    ],
    "http://hl7.org/fhir/StructureDefinition/structuredefinition-fhir-type": [
      "StructureDefinition.snapshot.element.type"
    ],
    "http://hl7.org/fhir/tools/StructureDefinition/ig-internal-dependency": [
      "ImplementationGuide.definition"
    ],
    "http://hl7.org/fhir/tools/StructureDefinition/ig-page-name": [
      "ImplementationGuide.definition.page",
      "ImplementationGuide.definition.page.page"
    ],
    "http://hl7.org/fhir/tools/StructureDefinition/ig-parameter": [
      "ImplementationGuide.definition"
    ],
    "http://hl7.org/fhir/tools/StructureDefinition/implementationguide-dependency-comment": [
      "ImplementationGuide.dependsOn"
    ],
    "http://hl7.org/fhir/tools/StructureDefinition/resource-information": [
      "ImplementationGuide.definition.resource"
    ]
  }
}