{
  "package": "hl7.org.nz.fhir.ig.mws",
  "version": "1.1.1",
  "fhirVersion": "4.0.1",
  "extensions": [
    {
      "url": "http://hl7.org.nz/fhir/StructureDefinition/mws-attested-date",
      "title": "Mws_attestedDate",
      "types": [
        "date"
      ]
    },
    {
      "url": "http://hl7.org.nz/fhir/StructureDefinition/mws-attester",
      "title": "Mws_attester",
      "types": [
        "Reference"
      ]
    }
  ],
  "profiles": {
    "AllergyIntolerance": [
      {
        "url": "http://hl7.org.nz/fhir/StructureDefinition/MwsAllergyIntolerance",
        "title": "MwsAllergyIntolerance"
      }
    ],
    "MedicationDispense": [
      {
        "url": "http://hl7.org.nz/fhir/StructureDefinition/MwsMedicationDispense",
        "title": "MwsMedicationDispense"
      }
    ],
    "Patient": [
      {
        "url": "http://hl7.org.nz/fhir/StructureDefinition/MwsPatient",
        "title": "Mws Patient"
      }
    ]
  },
  "usage": {
    "http://hl7.org.nz/fhir/StructureDefinition/dhb": [
      "Patient"
    ],
    "http://hl7.org.nz/fhir/StructureDefinition/domicile-code": [
      "Patient"
    ],
    "http://hl7.org.nz/fhir/StructureDefinition/nz-citizenship": [
      "Patient"
    ],
    "http://hl7.org.nz/fhir/StructureDefinition/nz-ethnicity": [
      "Patient"
    ],
    "http://hl7.org.nz/fhir/StructureDefinition/nz-iwi": [
      "Patient"
    ],
    "http://hl7.org.nz/fhir/StructureDefinition/nzeps-endorsement": [
      "MedicationDispense"
    ],
    "http://hl7.org.nz/fhir/StructureDefinition/nzeps-funding-category": [
      "MedicationDispense"
    ],
    "http://hl7.org.nz/fhir/StructureDefinition/nzeps-medication-copayment-paid": [
      "MedicationDispense"
    ],
    "http://hl7.org.nz/fhir/StructureDefinition/nzeps-pharmacy-approval-original": [
      "Bundle.entry.resource",
      "MedicationDispense"
    ],
    "http://hl7.org.nz/fhir/StructureDefinition/nzeps-scriptno-local": [
      "Bundle.entry.resource",
      "MedicationDispense"
    ],
    "http://hl7.org.nz/fhir/StructureDefinition/pho": [
      "Patient"
    ],
    "http://hl7.org.nz/fhir/StructureDefinition/sex-at-birth": [
      "Patient"
    ],
    "http://hl7.org/fhir/StructureDefinition/elementdefinition-bestpractice": [
      "StructureDefinition.snapshot.element.constraint"
    ],
    "http://hl7.org/fhir/StructureDefinition/elementdefinition-bestpractice-explanation": [
      "StructureDefinition.snapshot.element.constraint"
    ],
    "http://hl7.org/fhir/StructureDefinition/elementdefinition-bindingName": [
      "StructureDefinition.snapshot.element.binding"
    ],
    "http://hl7.org/fhir/StructureDefinition/elementdefinition-maxValueSet": [
      "StructureDefinition.snapshot.element.binding"
    ],
    "http://hl7.org/fhir/StructureDefinition/structuredefinition-fhir-type": [
      "StructureDefinition.snapshot.element.type"
    ],
    "http://hl7.org/fhir/StructureDefinition/structuredefinition-hierarchy": [
      "StructureDefinition.snapshot.element.type"
    ],
    "http://hl7.org/fhir/tools/StructureDefinition/ig-internal-dependency": [
      "ImplementationGuide.definition"
    ],
    "http://hl7.org/fhir/tools/StructureDefinition/ig-page-name": [
      "ImplementationGuide.definition.page",
      "ImplementationGuide.definition.page.page"
    ],
    "http://hl7.org/fhir/tools/StructureDefinition/ig-parameter": [
      "ImplementationGuide.definition"
    ],
    "http://hl7.org/fhir/tools/StructureDefinition/implementationguide-dependency-comment": [
      "ImplementationGuide.dependsOn"
    ],
    "http://hl7.org/fhir/tools/StructureDefinition/resource-information": [
      "ImplementationGuide.definition.resource"
    ]
  }
}