{
  "resourceType" : "ValueSet",
  "id" : "mws-allergyintolerance-clinical-1.0",
  "meta" : {
    "profile" : ["http://hl7.org/fhir/StructureDefinition/shareablevalueset"]
  },
  "text" : {
    "status" : "extensions",
    "div" : "<div xmlns=\"http://www.w3.org/1999/xhtml\"><p>This value set includes codes based on the following rules:</p><ul><li>Include all codes defined in <a href=\"http://terminology.hl7.org/4.0.0/CodeSystem-allergyintolerance-clinical.html\"><code>http://terminology.hl7.org/CodeSystem/allergyintolerance-clinical</code></a></li></ul><p>This value set excludes codes based on the following rules:</p><ul><li>Exclude these codes as defined in <a href=\"http://terminology.hl7.org/4.0.0/CodeSystem-allergyintolerance-clinical.html\"><code>http://terminology.hl7.org/CodeSystem/allergyintolerance-clinical</code></a><table class=\"none\"><tr><td style=\"white-space:nowrap\"><b>Code</b></td><td><b>Display</b></td><td><b>Definition</b></td></tr><tr><td><a href=\"http://terminology.hl7.org/4.0.0/CodeSystem-allergyintolerance-clinical.html#allergyintolerance-clinical-resolved\">resolved</a></td><td style=\"color: #cccccc\">Resolved</td><td>A reaction to the identified substance has been clinically reassessed by testing or re-exposure and is considered no longer to be present. Re-exposure could be accidental, unplanned, or outside of any clinical setting.</td></tr></table></li></ul></div>"
  },
  "url" : "https://nzhts.digital.health.nz/fhir/ValueSet/mws-allergyintolerance-clinical",
  "version" : "1.0.0",
  "name" : "Mws_allergyintolerance_clinical",
  "title" : "Mws Allergyintolerance clinical status",
  "status" : "active",
  "experimental" : false,
  "date" : "2023-10-09T00:00:00+13:00",
  "publisher" : "Te Whatu Ora",
  "contact" : [{
    "name" : "Te Whatu Ora",
    "telecom" : [{
      "system" : "email",
      "value" : "mailto:integration@health.govt.nz"
    }]
  }],
  "description" : "NES Enrolment Status",
  "purpose" : "A coded value for the status of an enrolment .",
  "compose" : {
    "include" : [{
      "system" : "http://terminology.hl7.org/CodeSystem/allergyintolerance-clinical"
    }],
    "exclude" : [{
      "system" : "http://terminology.hl7.org/CodeSystem/allergyintolerance-clinical",
      "concept" : [{
        "code" : "resolved"
      }]
    }]
  }
}