{
  "codeSystems" : [
    {
      "url" : "http://hl7.org/fhir/ValueSet/administrative-gender",
      "version" : "4.0.1",
      "status" : "active",
      "name" : "AdministrativeGender",
      "title" : "AdministrativeGender",
      "description" : "The gender of a person used for administrative purposes.",
      "systems" : ["http://hl7.org/fhir/administrative-gender"],
      "oids" : ["2.16.840.1.113883.4.642.3.1"],
      "sources" : ["2.16.840.1.113883.4.642.3.1"],
      "uses" : {
      },
      "StructureDefinition-MwsPatient.html" : "Mws Patient"
    },
    {
      "url" : "http://hl7.org/fhir/ValueSet/allergy-intolerance-category",
      "version" : "4.0.1",
      "status" : "draft",
      "name" : "AllergyIntoleranceCategory",
      "title" : "AllergyIntoleranceCategory",
      "description" : "Category of an identified substance associated with allergies or intolerances.",
      "systems" : ["http://hl7.org/fhir/allergy-intolerance-category"],
      "oids" : ["2.16.840.1.113883.4.642.3.133"],
      "sources" : ["2.16.840.1.113883.4.642.3.133"],
      "uses" : {
      },
      "StructureDefinition-MwsAllergyIntolerance.html" : "MwsAllergyIntolerance"
    },
    {
      "url" : "http://hl7.org/fhir/ValueSet/allergy-intolerance-criticality",
      "version" : "4.0.1",
      "status" : "draft",
      "name" : "AllergyIntoleranceCriticality",
      "title" : "AllergyIntoleranceCriticality",
      "description" : "Estimate of the potential clinical harm, or seriousness, of a reaction to an identified substance.",
      "systems" : ["http://hl7.org/fhir/allergy-intolerance-criticality"],
      "oids" : ["2.16.840.1.113883.4.642.3.129"],
      "sources" : ["2.16.840.1.113883.4.642.3.129"],
      "uses" : {
      },
      "StructureDefinition-MwsAllergyIntolerance.html" : "MwsAllergyIntolerance"
    },
    {
      "url" : "http://hl7.org/fhir/ValueSet/allergy-intolerance-type",
      "version" : "4.0.1",
      "status" : "draft",
      "name" : "AllergyIntoleranceType",
      "title" : "AllergyIntoleranceType",
      "description" : "Identification of the underlying physiological mechanism for a Reaction Risk.",
      "systems" : ["http://hl7.org/fhir/allergy-intolerance-type"],
      "oids" : ["2.16.840.1.113883.4.642.3.131"],
      "sources" : ["2.16.840.1.113883.4.642.3.131"],
      "uses" : {
      },
      "StructureDefinition-MwsAllergyIntolerance.html" : "MwsAllergyIntolerance"
    },
    {
      "url" : "http://hl7.org/fhir/ValueSet/identifier-type",
      "version" : "4.0.1",
      "status" : "active",
      "name" : "Identifier Type Codes",
      "title" : "IdentifierType",
      "description" : "A coded type for an identifier that can be used to determine which identifier to use for a specific purpose.",
      "systems" : ["http://terminology.hl7.org/CodeSystem/v2-0203"],
      "oids" : ["2.16.840.1.113883.4.642.3.45"],
      "sources" : ["2.16.840.1.113883.4.642.3.45"],
      "uses" : {
      },
      "StructureDefinition-MwsPatient.html" : "Mws Patient"
    },
    {
      "url" : "http://hl7.org/fhir/ValueSet/identifier-use",
      "version" : "4.0.1",
      "status" : "active",
      "name" : "IdentifierUse",
      "title" : "IdentifierUse",
      "description" : "Identifies the purpose for this identifier, if known .",
      "systems" : ["http://hl7.org/fhir/identifier-use"],
      "oids" : ["2.16.840.1.113883.4.642.3.57"],
      "sources" : ["2.16.840.1.113883.4.642.3.57"],
      "uses" : {
      },
      "StructureDefinition-MwsPatient.html" : "Mws Patient"
    },
    {
      "url" : "http://hl7.org/fhir/ValueSet/languages",
      "version" : "4.0.1",
      "status" : "draft",
      "name" : "CommonLanguages",
      "title" : "Common Languages",
      "description" : "This value set includes common codes from BCP-47 (http://tools.ietf.org/html/bcp47)",
      "systems" : ["urn:ietf:bcp:47"],
      "oids" : ["2.16.840.1.113883.4.642.3.20"],
      "sources" : ["2.16.840.1.113883.4.642.3.20"],
      "uses" : {
      },
      "StructureDefinition-MwsAllergyIntolerance.html" : "MwsAllergyIntolerance",
      "StructureDefinition-MwsPatient.html" : "Mws Patient"
    },
    {
      "url" : "http://hl7.org/fhir/ValueSet/link-type",
      "version" : "4.0.1",
      "status" : "active",
      "name" : "LinkType",
      "title" : "LinkType",
      "description" : "The type of link between this patient resource and another patient resource.",
      "systems" : ["http://hl7.org/fhir/link-type"],
      "oids" : ["2.16.840.1.113883.4.642.3.423"],
      "sources" : ["2.16.840.1.113883.4.642.3.423"],
      "uses" : {
      },
      "StructureDefinition-MwsPatient.html" : "Mws Patient"
    },
    {
      "url" : "http://hl7.org/fhir/ValueSet/marital-status",
      "version" : "4.0.1",
      "status" : "active",
      "name" : "Marital Status Codes",
      "title" : "MaritalStatus",
      "description" : "This value set defines the set of codes that can be used to indicate the marital status of a person.",
      "systems" : [
        "http://terminology.hl7.org/CodeSystem/v3-MaritalStatus",
        "http://terminology.hl7.org/CodeSystem/v3-NullFlavor"
      ],
      "oids" : ["2.16.840.1.113883.4.642.3.29"],
      "sources" : ["2.16.840.1.113883.4.642.3.29"],
      "uses" : {
      },
      "StructureDefinition-MwsPatient.html" : "Mws Patient"
    },
    {
      "url" : "http://hl7.org/fhir/ValueSet/patient-contactrelationship",
      "version" : "4.0.1",
      "status" : "active",
      "name" : "PatientContactRelationship",
      "title" : "Patient Contact Relationship ",
      "description" : "The nature of the relationship between the patient and the contact person.",
      "systems" : ["http://terminology.hl7.org/CodeSystem/v2-0131"],
      "oids" : ["2.16.840.1.113883.4.642.3.1130"],
      "sources" : ["2.16.840.1.113883.4.642.3.1130"],
      "uses" : {
      },
      "StructureDefinition-MwsPatient.html" : "Mws Patient"
    },
    {
      "url" : "http://hl7.org/fhir/ValueSet/reaction-event-severity",
      "version" : "4.0.1",
      "status" : "draft",
      "name" : "AllergyIntoleranceSeverity",
      "title" : "AllergyIntoleranceSeverity",
      "description" : "Clinical assessment of the severity of a reaction event as a whole, potentially considering multiple different manifestations.",
      "systems" : ["http://hl7.org/fhir/reaction-event-severity"],
      "oids" : ["2.16.840.1.113883.4.642.3.135"],
      "sources" : ["2.16.840.1.113883.4.642.3.135"],
      "uses" : {
      },
      "StructureDefinition-MwsAllergyIntolerance.html" : "MwsAllergyIntolerance"
    },
    {
      "url" : "http://hl7.org/fhir/ValueSet/route-codes",
      "version" : "4.0.1",
      "status" : "draft",
      "name" : "SNOMEDCTRouteCodes",
      "title" : "SNOMED CT Route Codes",
      "description" : "This value set includes all Route codes from SNOMED CT - provided as an exemplar.",
      "systems" : ["http://snomed.info/sct"],
      "oids" : ["2.16.840.1.113883.4.642.3.98"],
      "sources" : ["2.16.840.1.113883.4.642.3.98"],
      "uses" : {
      },
      "StructureDefinition-MwsAllergyIntolerance.html" : "MwsAllergyIntolerance"
    },
    {
      "url" : "http://hl7.org/fhir/ValueSet/substance-code",
      "version" : "4.0.1",
      "status" : "draft",
      "name" : "SubstanceCode",
      "title" : "Substance Code",
      "description" : "This value set contains concept codes for specific substances. It includes codes from [SNOMED](http://snomed.info/sct) where concept is-a 105590001 (Substance (substance)) and where concept is-a 373873005 (Pharmaceutical / biologic product (product))",
      "systems" : ["http://snomed.info/sct"],
      "oids" : ["2.16.840.1.113883.4.642.3.473"],
      "sources" : ["2.16.840.1.113883.4.642.3.473"],
      "uses" : {
      },
      "StructureDefinition-MwsAllergyIntolerance.html" : "MwsAllergyIntolerance"
    },
    {
      "url" : "https://nzhts.digital.health.nz/fhir/ValueSet/mws-clinical-status",
      "version" : "1.0",
      "status" : "active",
      "name" : "Mws_clinical_status",
      "title" : "MWS Clinical status",
      "description" : "MWS clinical status  codes",
      "systems" : [
        "http://terminology.hl7.org/CodeSystem/allergyintolerance-clinical"
      ],
      "uses" : {
      },
      "StructureDefinition-MwsAllergyIntolerance.html" : "MwsAllergyIntolerance"
    },
    {
      "url" : "https://nzhts.digital.health.nz/fhir/ValueSet/mws-substance-combined",
      "version" : "1.0",
      "status" : "active",
      "name" : "Mws_substance_combined",
      "title" : "NZULM codes",
      "description" : "Combined NZULM and SNOWMED valuesets for substances",
      "uses" : {
      },
      "StructureDefinition-MwsAllergyIntolerance.html" : "MwsAllergyIntolerance"
    },
    {
      "url" : "https://nzhts.digital.health.nz/fhir/ValueSet/mws-verification-status",
      "version" : "1.0",
      "status" : "active",
      "name" : "Mws_verification_status",
      "title" : "MWS verification status",
      "description" : "MWS verificationStatus codes",
      "systems" : [
        "http://terminology.hl7.org/CodeSystem/allergyintolerance-verification"
      ],
      "uses" : {
      },
      "StructureDefinition-MwsAllergyIntolerance.html" : "MwsAllergyIntolerance"
    },
    {
      "url" : "https://nzhts.digital.health.nz/fhir/ValueSet/nhi-use-code",
      "version" : "2.0.0",
      "status" : "active",
      "name" : "NHIUse",
      "title" : "Valid use values for NHI",
      "description" : "NHI Use codes",
      "systems" : ["http://hl7.org/fhir/identifier-use"],
      "uses" : {
      },
      "StructureDefinition-MwsPatient.html" : "Mws Patient"
    }
  ]
}
